username,first_name,last_name,gender,birthdate,email,ip_address,age,country,postal_code,favorite_color
hmuir0,Halimeda,Muir,Female,2/5/1976,hmuir0@va.gov,253.159.147.215,60,China,,blue
wwoltman1,Winne,Woltman,Female,1/8/1978,wwoltman1@tinypic.com,181.80.29.13,23,Peru,,green
verbe2,Veda,Erbe,Female,4/11/1986,verbe2@sciencedaily.com,7.94.103.124,72,Germany,41199,green
csayburn3,Chaunce,Sayburn,Male,4/18/1999,csayburn3@microsoft.com,204.222.217.52,59,Slovenia,4290,blue
gmulford4,Gwenore,Mulford,Female,11/23/1979,gmulford4@vk.com,103.126.165.240,71,Indonesia,,blue
ajovovic5,Ardene,Jovovic,Female,3/21/1977,ajovovic5@ow.ly,131.178.224.207,31,Philippines,5418,red
ameriott6,Ashton,Meriott,Male,4/3/1977,ameriott6@japanpost.jp,247.137.189.210,57,Indonesia,,red
jgerrell7,Jed,Gerrell,Male,2/25/1990,jgerrell7@networksolutions.com,181.208.6.239,63,Russia,303167,blue
elaurenzi8,Ethelbert,Laurenzi,Male,7/16/1988,elaurenzi8@google.ru,78.93.132.26,32,China,,red
agrima9,Armando,Grima,Male,5/19/1991,agrima9@is.gd,24.94.161.15,34,Nigeria,,red
ohalfpennya,Olva,Halfpenny,Female,2/2/1977,ohalfpennya@youtu.be,90.231.74.197,40,Tanzania,,green
jbrownbillb,Jeffry,Brownbill,Male,9/26/1988,jbrownbillb@sfgate.com,57.70.220.143,64,Iran,,red
tbalogunc,Tobe,Balogun,Male,10/27/1979,tbalogunc@prweb.com,120.200.72.163,79,Brazil,89120-000,blue
tsneesbyd,Tansy,Sneesby,Female,11/2/1999,tsneesbyd@berkeley.edu,76.98.48.96,44,Portugal,9600-052,green
kastlette,Ki,Astlett,Female,2/24/1975,kastlette@skype.com,30.190.58.106,56,China,,green
sheeleyf,Staford,Heeley,Male,4/11/1981,sheeleyf@fema.gov,116.193.46.194,46,Kazakhstan,,green
esuerog,Elenore,Suero,Female,8/13/1991,esuerog@vkontakte.ru,54.90.38.21,56,Poland,17-306,red
bnicklenh,Betteann,Nicklen,Female,12/7/2000,bnicklenh@domainmarket.com,172.163.198.36,27,Indonesia,,green
cquilligani,Chantalle,Quilligan,Female,9/11/1980,cquilligani@npr.org,230.74.41.120,32,Sweden,713 30,green
slillymanj,Sheilah,Lillyman,Female,8/17/1995,slillymanj@wikipedia.org,217.0.237.97,30,Russia,301767,blue
hslemmondsk,Hodge,Slemmonds,Male,3/6/1992,hslemmondsk@yahoo.co.jp,121.92.241.122,71,Indonesia,,green
mburrill,Maurene,Burril,Female,12/10/1999,mburrill@discovery.com,49.151.34.119,78,Mexico,93828,green
fscoonm,Fiann,Scoon,Female,3/28/1986,fscoonm@phpbb.com,127.221.78.96,59,Sweden,425 33,green
vmcbeithn,Vaclav,McBeith,Male,10/3/1997,vmcbeithn@dedecms.com,142.212.229.253,25,Tanzania,,blue
sgydeo,Seymour,Gyde,Male,11/11/1975,sgydeo@nationalgeographic.com,178.132.106.103,47,Greece,,green
bkassmanp,Bryanty,Kassman,Male,10/11/1996,bkassmanp@weebly.com,48.150.107.29,59,South Korea,,green
jhucklesbyq,Jeffie,Hucklesby,Male,4/10/1986,jhucklesbyq@redcross.org,254.187.2.168,55,Honduras,,blue
pschubbertr,Pancho,Schubbert,Male,2/7/1982,pschubbertr@plala.or.jp,32.86.175.223,43,China,,green
ccrippells,Chantalle,Crippell,Female,10/18/1992,ccrippells@ocn.ne.jp,16.33.81.132,62,France,55013 CEDEX,green
gdressert,Galina,Dresser,Female,9/14/1989,gdressert@toplist.cz,186.12.119.202,59,Russia,659391,green
gkellardu,Georas,Kellard,Male,5/23/1990,gkellardu@163.com,156.243.52.3,26,Honduras,,green
dhulsonv,Doug,Hulson,Male,6/20/1978,dhulsonv@moonfruit.com,72.158.147.200,37,China,,blue
kbenoisw,Kaleb,Benois,Male,9/7/1977,kbenoisw@tinyurl.com,243.224.195.240,81,China,,green
shennigerx,Skippie,Henniger,Male,5/8/1991,shennigerx@webeden.co.uk,114.8.79.64,35,Philippines,8427,red
sboulshery,Sutton,Boulsher,Male,12/15/1995,sboulshery@symantec.com,67.246.196.197,66,Yemen,,blue
remanueliz,Raina,Emanueli,Female,12/20/1981,remanueliz@e-recht24.de,87.184.29.198,30,Germany,45141,blue
fproudley10,Farah,Proudley,Female,9/15/1973,fproudley10@tumblr.com,30.30.118.97,54,Sweden,411 36,blue
rwimpey11,Roxy,Wimpey,Female,8/29/1975,rwimpey11@4shared.com,75.118.157.227,81,Czech Republic,331 41,blue
ktrench12,Krispin,Trench,Male,10/17/1976,ktrench12@fotki.com,220.76.144.82,63,Japan,399-0746,blue
djervoise13,Daile,Jervoise,Female,7/17/1997,djervoise13@creativecommons.org,172.182.152.5,81,China,,red
karbuckle14,Kerwinn,Arbuckle,Male,3/12/1974,karbuckle14@constantcontact.com,70.101.85.233,50,China,,blue
hcotte15,Hi,Cotte,Male,6/24/1981,hcotte15@nsw.gov.au,33.87.8.79,20,Serbia,,green
rbussetti16,Remington,Bussetti,Male,12/3/1979,rbussetti16@cafepress.com,143.25.203.254,46,United Arab Emirates,,red
hburhouse17,Hagan,Burhouse,Male,9/28/1985,hburhouse17@mapquest.com,242.147.159.36,49,Poland,16-050,red
bmcgorley18,Blinny,Mc Gorley,Female,6/6/1996,bmcgorley18@discovery.com,2.183.119.245,27,United States,27150,blue
dpol19,Dagmar,Pol,Female,9/2/1999,dpol19@scribd.com,208.171.187.113,35,Nigeria,,green
kseaking1a,Kain,Seaking,Male,7/16/1971,kseaking1a@who.int,124.134.149.178,43,China,,blue
jwadeson1b,Jdavie,Wadeson,Male,10/22/1996,jwadeson1b@berkeley.edu,211.182.98.20,25,Poland,83-230,green
hsilkston1c,Hoyt,Silkston,Male,5/3/1989,hsilkston1c@sun.com,252.138.100.116,67,Thailand,90220,red
mkleimt1d,Minna,Kleimt,Female,1/23/1982,mkleimt1d@shutterfly.com,44.220.166.122,38,Iran,,blue
habrahim1e,Haleigh,Abrahim,Female,3/26/1988,habrahim1e@archive.org,198.129.7.93,81,Canada,A1Y,blue
amanuele1f,Alyda,Manuele,Female,12/18/1989,amanuele1f@indiatimes.com,7.10.104.69,38,Pakistan,55150,green
scorradeschi1g,Shay,Corradeschi,Female,9/22/1998,scorradeschi1g@twitter.com,63.18.10.248,45,Burkina Faso,,red
hdancer1h,Halette,Dancer,Female,11/25/1981,hdancer1h@cornell.edu,226.118.18.226,23,China,,green
lhaitlie1i,Laryssa,Haitlie,Female,3/27/1989,lhaitlie1i@flavors.me,7.82.36.147,77,Portugal,2645-456,blue
cstitson1j,Cyndy,Stitson,Female,3/1/1985,cstitson1j@ocn.ne.jp,26.210.188.26,73,China,,red
qgimlet1k,Quinlan,Gimlet,Male,8/24/1992,qgimlet1k@nba.com,21.212.49.110,50,Croatia,52223,green
sivannikov1l,Stephannie,Ivannikov,Female,8/18/1982,sivannikov1l@hostgator.com,29.57.102.237,20,Russia,363125,blue
klangmaid1m,Kimmy,Langmaid,Female,9/16/1999,klangmaid1m@apple.com,110.207.66.106,47,Uzbekistan,,blue
slydford1n,Sax,Lydford,Male,2/17/1977,slydford1n@1und1.de,15.50.32.30,23,Indonesia,,red
apaddell1o,Alden,Paddell,Male,3/20/1974,apaddell1o@google.com.au,149.115.9.117,25,China,,red
khuck1p,Kirby,Huck,Male,2/11/1988,khuck1p@redcross.org,189.12.30.249,55,Serbia,,green
hivermee1q,Huberto,Ivermee,Male,1/28/1976,hivermee1q@fema.gov,154.42.227.37,35,Uruguay,,blue
fbrockhurst1r,Franciska,Brockhurst,Female,4/6/1998,fbrockhurst1r@hud.gov,171.157.10.223,20,Philippines,6306,red
imalcolm1s,Inna,Malcolm,Female,5/11/1993,imalcolm1s@flickr.com,157.85.116.251,85,Argentina,4618,green
rhurtado1t,Rockey,Hurtado,Male,7/19/1987,rhurtado1t@artisteer.com,168.121.47.83,85,Indonesia,,blue
ejones1u,Ethelbert,Jones,Male,2/6/1997,ejones1u@nydailynews.com,27.99.23.221,73,Egypt,,green
rfettis1v,Rachael,Fettis,Female,9/24/1980,rfettis1v@reference.com,232.253.180.236,84,Portugal,2430-620,blue
dhinners1w,Debbie,Hinners,Female,4/30/1980,dhinners1w@tiny.cc,32.91.221.255,31,Poland,42-240,blue
greeme1x,Garfield,Reeme,Male,4/20/1972,greeme1x@alibaba.com,252.202.58.106,65,Indonesia,,green
elyes1y,Eloisa,Lyes,Female,2/16/1996,elyes1y@walmart.com,95.109.68.65,44,Azerbaijan,,red
rroscher1z,Rhea,Roscher,Female,2/21/2002,rroscher1z@forbes.com,14.68.44.237,58,Russia,446490,green
jvarga20,Janaye,Varga,Female,1/17/1996,jvarga20@themeforest.net,27.63.54.111,56,Portugal,4520-525,red
wmanis21,Walther,Manis,Male,8/11/1972,wmanis21@webeden.co.uk,112.228.103.147,36,Brazil,29830-000,red
callardyce22,Colby,Allardyce,Male,7/13/1978,callardyce22@wix.com,134.32.42.5,66,Kazakhstan,,blue
ngillow23,Norbert,Gillow,Male,3/30/1973,ngillow23@vkontakte.ru,134.238.130.71,21,China,,red
fsilcox24,Fremont,Silcox,Male,5/3/1976,fsilcox24@nba.com,202.145.129.63,80,Serbia,,green
eelsy25,Ezequiel,Elsy,Male,8/30/1982,eelsy25@aboutads.info,224.118.154.85,45,Philippines,5513,blue
asugarman26,Arliene,Sugarman,Female,7/12/1989,asugarman26@techcrunch.com,222.195.112.113,19,France,67609 CEDEX,red
dlay27,Dex,Lay,Male,8/9/1979,dlay27@alexa.com,202.240.175.114,62,Indonesia,,green
lmeace28,Livvie,Meace,Female,9/13/1980,lmeace28@bbc.co.uk,187.199.197.114,62,Indonesia,,green
jbesemer29,Jobyna,Besemer,Female,1/10/1974,jbesemer29@sphinn.com,64.3.113.211,84,Thailand,30220,red
apembery2a,Adela,Pembery,Female,11/1/1993,apembery2a@google.fr,131.36.30.45,80,China,,blue
mcorona2b,Munmro,Corona,Male,9/20/1996,mcorona2b@blogger.com,210.159.184.143,58,Portugal,3505-130,blue
ddecastri2c,Donnell,De Castri,Male,12/4/1995,ddecastri2c@fema.gov,14.196.137.181,50,Sweden,393 53,red
cleverett2d,Cece,Leverett,Male,4/21/1995,cleverett2d@hexun.com,253.72.227.221,49,Puerto Rico,00731,red
eminster2e,Everett,Minster,Male,10/8/1997,eminster2e@hatena.ne.jp,218.198.35.77,61,Kazakhstan,,green
odonnison2f,Otho,Donnison,Male,1/15/1986,odonnison2f@vkontakte.ru,222.9.204.185,66,Indonesia,,green
apretswell2g,Atalanta,Pretswell,Female,7/13/1985,apretswell2g@behance.net,152.188.24.144,25,Russia,659702,green
rbizley2h,Rubie,Bizley,Female,2/9/1992,rbizley2h@mashable.com,177.103.63.61,37,Tanzania,,red
ccoyte2i,Carmita,Coyte,Female,8/21/1978,ccoyte2i@mac.com,44.8.117.93,47,Sweden,174 59,blue
wneads2j,Wright,Neads,Male,2/28/1981,wneads2j@phoca.cz,52.93.155.61,20,Brazil,56180-000,green
wnevitt2k,Willa,Nevitt,Female,3/26/2001,wnevitt2k@surveymonkey.com,64.18.171.188,65,China,,red
rduckworth2l,Richy,Duckworth,Male,2/6/1974,rduckworth2l@seattletimes.com,205.220.187.215,81,France,36029 CEDEX,green
aandrioletti2m,Abagael,Andrioletti,Female,7/19/1997,aandrioletti2m@spotify.com,224.155.206.3,23,Japan,215-0003,blue
srawcliff2n,Sara,Rawcliff,Female,6/24/1989,srawcliff2n@rediff.com,132.179.192.49,58,Indonesia,,blue
lgrumley2o,Leeanne,Grumley,Female,12/11/1990,lgrumley2o@columbia.edu,60.117.96.103,64,Indonesia,,red
jdelnevo2p,Juli,Delnevo,Female,7/4/1984,jdelnevo2p@opensource.org,43.53.54.35,61,Indonesia,,red
saizikovitch2q,Stanton,Aizikovitch,Male,3/11/1976,saizikovitch2q@nature.com,18.37.210.52,55,Sweden,462 73,blue
mdodding2r,Maxie,Dodding,Female,7/30/1981,mdodding2r@baidu.com,136.2.15.98,49,Canada,V9P,red
dcordall2s,Dav,Cordall,Male,7/9/1977,dcordall2s@artisteer.com,194.18.74.33,66,South Korea,,red
tsaggs2t,Toinette,Saggs,Female,2/9/1996,tsaggs2t@geocities.com,43.92.169.114,74,Portugal,4990-585,red
mmcluckie2u,Marcelia,McLuckie,Female,5/21/1982,mmcluckie2u@elpais.com,56.195.182.198,25,China,,green
ojosefs2v,Odella,Josefs,Female,2/23/1981,ojosefs2v@tamu.edu,161.249.58.95,37,Poland,34-130,green
rstiffkins2w,Roldan,Stiffkins,Male,5/21/1989,rstiffkins2w@sun.com,28.209.150.131,50,China,,red
cskakunas2x,Celeste,Skakunas,Female,2/18/1985,cskakunas2x@wikispaces.com,114.44.25.138,40,Cuba,,red
bwilsee2y,Bee,Wilsee,Female,1/13/1988,bwilsee2y@bravesites.com,40.194.182.228,81,Brazil,18185-000,green
drabjohns2z,Delia,Rabjohns,Female,8/18/2001,drabjohns2z@marketwatch.com,26.123.191.32,48,Egypt,,green
klongson30,Krisha,Longson,Male,3/29/1983,klongson30@census.gov,119.188.215.240,30,Russia,356011,blue
nhessentaler31,Nestor,Hessentaler,Male,9/22/1980,nhessentaler31@go.com,195.86.206.91,59,Philippines,2416,blue
lsergean32,Leo,Sergean,Male,12/17/1999,lsergean32@mapquest.com,143.165.114.220,60,Tunisia,,blue
bnafzger33,Barby,Nafzger,Female,9/22/1975,bnafzger33@nsw.gov.au,132.28.148.166,34,Japan,999-2256,red
cemeney34,Cash,Emeney,Male,6/4/2002,cemeney34@free.fr,135.127.222.236,26,Japan,399-8604,blue
mledbury35,Maryl,Ledbury,Female,11/20/1979,mledbury35@ehow.com,244.21.27.48,19,Brazil,86200-000,green
fmeeron36,Fonsie,Meeron,Male,5/8/1994,fmeeron36@vistaprint.com,109.154.45.118,80,China,,red
bniemiec37,Bondie,Niemiec,Male,1/17/1999,bniemiec37@360.cn,183.55.237.128,38,Uruguay,,red
cprobet38,Celine,Probet,Female,12/14/1984,cprobet38@go.com,165.195.163.205,41,China,,red
tmullinger39,Tommy,Mullinger,Male,12/27/1977,tmullinger39@ocn.ne.jp,182.93.179.9,76,Bulgaria,2259,blue
abaudinelli3a,Arly,Baudinelli,Female,3/31/1972,abaudinelli3a@netscape.com,47.201.174.71,40,New Zealand,9840,blue
mcoventry3b,Maire,Coventry,Female,9/9/1995,mcoventry3b@theglobeandmail.com,138.224.180.175,41,China,,red
omostyn3c,Omero,Mostyn,Male,2/16/1997,omostyn3c@pagesperso-orange.fr,114.132.221.174,20,Brazil,17000-000,red
arodda3d,Arne,Rodda,Male,7/20/1974,arodda3d@si.edu,87.35.118.223,25,Mexico,36352,red
ffaux3e,Ferdinand,Faux,Male,5/8/1975,ffaux3e@uol.com.br,15.99.80.166,51,Belarus,,blue
nabdon3f,Norah,Abdon,Female,4/9/1998,nabdon3f@independent.co.uk,87.51.31.143,19,Poland,34-530,green
ustuckford3g,Urbano,Stuckford,Male,8/5/2002,ustuckford3g@bluehost.com,160.107.198.54,63,Poland,33-334,blue
emckeighan3h,Egan,McKeighan,Male,7/8/1990,emckeighan3h@mlb.com,12.221.239.246,25,Indonesia,,red
avaun3i,Anallese,Vaun,Female,11/4/1990,avaun3i@webmd.com,246.189.79.231,45,China,,red
ftysack3j,Felix,Tysack,Male,10/7/2000,ftysack3j@cdbaby.com,249.129.124.191,84,Chile,,green
smars3k,Scott,Mars,Male,6/26/1997,smars3k@google.co.jp,100.35.186.36,46,Philippines,3523,blue
sloadsman3l,Sabina,Loadsman,Female,3/7/1972,sloadsman3l@si.edu,205.210.134.142,61,Indonesia,,blue
ccollisson3m,Candy,Collisson,Female,7/9/1978,ccollisson3m@yolasite.com,28.138.241.199,80,Russia,391360,blue
jgreenshields3n,Jasper,Greenshields,Male,12/23/1986,jgreenshields3n@quantcast.com,166.138.0.75,22,Portugal,4820-013,green
eclayton3o,Errol,Clayton,Male,2/23/1983,eclayton3o@amazon.de,106.28.200.55,36,Nigeria,,blue
cmarval3p,Cherida,Marval,Female,2/25/1998,cmarval3p@dropbox.com,237.173.216.144,51,Greece,,blue
ghirtz3q,Gaylor,Hirtz,Male,5/18/1987,ghirtz3q@youku.com,167.107.190.210,75,Canada,V4W,red
tshelbourne3r,Tresa,Shelbourne,Female,10/26/1995,tshelbourne3r@dagondesign.com,204.249.41.248,47,Brazil,18800-000,blue
jpaolicchi3s,Joaquin,Paolicchi,Male,11/5/2000,jpaolicchi3s@delicious.com,164.215.95.49,55,Sweden,771 50,green
awalne3t,Abby,Walne,Male,3/26/2001,awalne3t@cbc.ca,40.48.125.226,63,Pakistan,95100,blue
nthickins3u,Nataline,Thickins,Female,7/23/1973,nthickins3u@oracle.com,170.217.142.118,67,Greece,,red
wclarycott3v,Weston,Clarycott,Male,5/26/1983,wclarycott3v@patch.com,105.62.30.235,83,France,20311 CEDEX 1,green
npulbrook3w,Nissie,Pulbrook,Female,10/7/1981,npulbrook3w@alexa.com,179.169.201.246,41,China,,green
cskoughman3x,Celestine,Skoughman,Female,11/11/1985,cskoughman3x@europa.eu,169.204.195.5,68,France,54529 CEDEX,red
dcutchey3y,Diann,Cutchey,Female,11/24/1994,dcutchey3y@si.edu,93.168.136.11,68,Thailand,30110,green
jdourin3z,Jacquette,Dourin,Female,5/8/1981,jdourin3z@github.com,108.158.222.158,53,China,,red
cbucham40,Cristin,Bucham,Female,1/13/1973,cbucham40@opensource.org,118.196.69.169,52,Hungary,3543,red
dmorecomb41,Deeann,Morecomb,Female,5/12/1972,dmorecomb41@dmoz.org,57.40.182.227,78,Jordan,,green
mmorrell42,Melisandra,Morrell,Female,6/20/1971,mmorrell42@state.gov,139.30.14.112,77,Russia,368293,green
ajeyness43,Aubine,Jeyness,Female,4/6/1991,ajeyness43@guardian.co.uk,214.71.123.20,81,Hungary,6004,red
vfiler44,Valenka,Filer,Female,2/17/1970,vfiler44@guardian.co.uk,5.150.89.98,18,New Zealand,7600,blue
amillan45,Aubrie,Millan,Female,2/9/1997,amillan45@theatlantic.com,34.206.57.126,62,Indonesia,,green
sswetland46,Sholom,Swetland,Male,3/10/2000,sswetland46@vistaprint.com,154.66.224.24,36,Mali,,red
hbogue47,Hilly,Bogue,Male,1/2/1994,hbogue47@google.com,197.2.226.174,76,Czech Republic,561 64,blue
gspellessy48,Gerri,Spellessy,Female,8/7/2000,gspellessy48@prlog.org,97.38.190.152,67,China,,blue
owasiel49,Oswald,Wasiel,Male,8/4/1984,owasiel49@unicef.org,190.182.209.125,26,Brazil,35600-000,green
egimlet4a,Emmi,Gimlet,Female,5/17/1970,egimlet4a@marriott.com,237.134.236.16,36,Croatia,21314,red
jguerola4b,Jarred,Guerola,Male,11/2/1986,jguerola4b@sciencedirect.com,208.4.99.72,72,Poland,77-140,blue
gshackleton4c,Gustavus,Shackleton,Male,3/3/1973,gshackleton4c@apple.com,200.211.42.3,57,China,,red
dmingauld4d,Dix,Mingauld,Female,11/9/1981,dmingauld4d@tinypic.com,71.220.174.140,46,Peru,,green
cudey4e,Charmaine,Udey,Female,10/11/1999,cudey4e@feedburner.com,142.250.180.4,65,Indonesia,,blue
hbellie4f,Horatia,Bellie,Female,8/6/2002,hbellie4f@cyberchimps.com,163.172.135.34,84,Russia,601430,red
diddon4g,Dane,Iddon,Male,4/19/1979,diddon4g@mozilla.com,100.137.96.236,57,Russia,141662,blue
mshine4h,Mahmud,Shine,Male,6/15/1993,mshine4h@ox.ac.uk,225.6.189.172,80,China,,green
dmcvey4i,Delmor,McVey,Male,2/6/1984,dmcvey4i@ftc.gov,156.69.180.157,65,Indonesia,,blue
rmalacrida4j,Roselle,Malacrida,Female,7/22/1981,rmalacrida4j@1688.com,125.184.143.229,19,Colombia,051818,blue
mbeaves4k,Mitchael,Beaves,Male,5/27/1978,mbeaves4k@theglobeandmail.com,43.5.70.10,58,Philippines,2424,red
rfritche4l,Ruthie,Fritche,Female,1/30/1993,rfritche4l@ted.com,123.237.104.97,47,South Africa,2627,blue
jsaffrin4m,Jamison,Saffrin,Male,7/19/1984,jsaffrin4m@yahoo.co.jp,4.187.186.10,82,Philippines,0550,red
rerasmus4n,Rosa,Erasmus,Female,11/30/1973,rerasmus4n@arizona.edu,100.231.119.148,34,Indonesia,,red
ghartwright4o,Galvin,Hartwright,Male,9/5/1999,ghartwright4o@intel.com,98.53.221.231,19,Thailand,33130,blue
hgreenslade4p,Heath,Greenslade,Male,1/7/1981,hgreenslade4p@blogspot.com,199.220.87.246,40,Sweden,242 94,red
mdearnaley4q,Maury,Dearnaley,Male,12/26/1991,mdearnaley4q@weebly.com,17.190.219.29,47,Russia,618340,red
gtrousdale4r,Gertrud,Trousdale,Female,7/30/1986,gtrousdale4r@earthlink.net,176.233.50.21,34,Belgium,1050,green
rsoldan4s,Ruperto,Soldan,Male,11/30/1988,rsoldan4s@amazon.co.jp,119.153.225.188,48,Indonesia,,green
ncoburn4t,Nelly,Coburn,Female,5/5/1972,ncoburn4t@hud.gov,24.98.37.6,21,China,,red
fwherrett4u,Felice,Wherrett,Male,4/15/2001,fwherrett4u@thetimes.co.uk,93.148.219.9,74,Philippines,4203,blue
dburstowe4v,Dix,Burstowe,Female,9/17/1971,dburstowe4v@fastcompany.com,128.13.46.218,69,Japan,663-8234,green
solivi4w,Siobhan,Olivi,Female,7/27/1979,solivi4w@accuweather.com,18.227.98.130,31,Philippines,1715,blue
tdable4x,Terrill,Dable,Male,6/29/1997,tdable4x@flickr.com,118.0.86.88,31,Russia,309135,green
kelsie4y,Klaus,Elsie,Male,5/5/1998,kelsie4y@squarespace.com,44.232.14.107,65,France,33709 CEDEX,blue
hkimmitt4z,Heidi,Kimmitt,Female,9/5/1972,hkimmitt4z@posterous.com,28.77.157.162,31,Greece,,red
ejovey50,Evvie,Jovey,Female,7/23/1986,ejovey50@nature.com,138.191.47.103,30,China,,blue
wdallas51,Waverly,Dallas,Male,5/4/1984,wdallas51@ted.com,143.2.1.228,30,China,,red
eeverett52,Emmalee,Everett,Female,9/21/1998,eeverett52@gnu.org,111.47.84.53,31,United States,58122,blue
bcorden53,Bran,Corden,Male,9/20/1985,bcorden53@imdb.com,47.161.200.221,58,Argentina,2170,green
oearland54,Olav,Earland,Male,8/19/1973,oearland54@indiegogo.com,135.248.167.222,78,China,,red
agoodrum55,Abramo,Goodrum,Male,8/6/1984,agoodrum55@omniture.com,4.14.87.155,44,Czech Republic,360 01,red
slivezey56,Skylar,Livezey,Male,10/3/1993,slivezey56@nbcnews.com,82.209.110.249,46,Vietnam,,blue
nmaxwell57,Nigel,Maxwell,Male,1/15/1998,nmaxwell57@over-blog.com,64.181.99.20,22,Armenia,,blue
amacgrath58,Alexi,MacGrath,Female,4/11/1992,amacgrath58@goo.gl,103.214.12.242,61,Indonesia,,blue
aruffy59,Alanson,Ruffy,Male,5/15/1989,aruffy59@ifeng.com,190.117.134.156,53,Czech Republic,679 61,green
wcicerone5a,Woodman,Cicerone,Male,1/23/2002,wcicerone5a@ucla.edu,186.124.44.239,46,Indonesia,,blue
hhan5b,Harwell,Han,Male,7/20/1998,hhan5b@china.com.cn,69.86.193.64,66,Macedonia,1225,blue
ipavelka5c,Iggie,Pavelka,Male,8/1/1971,ipavelka5c@bandcamp.com,62.136.165.37,78,Croatia,35257,red
rquinnell5d,Raf,Quinnell,Female,3/10/1986,rquinnell5d@webnode.com,245.69.89.154,19,Mexico,61650,green
gspellworth5e,Gannon,Spellworth,Male,9/16/1972,gspellworth5e@youku.com,10.25.27.119,75,Czech Republic,348 15,blue
anewcombe5f,Andeee,Newcombe,Female,7/11/1997,anewcombe5f@disqus.com,48.148.62.178,18,Philippines,5504,green
hlackemann5g,Hughie,Lackemann,Male,6/3/1977,hlackemann5g@hatena.ne.jp,209.239.90.192,50,Russia,629620,green
tzielinski5h,Thaddus,Zielinski,Male,6/26/2002,tzielinski5h@weebly.com,233.78.207.110,36,Nepal,,blue
wphilippault5i,Wilhelmina,Philippault,Female,2/27/1985,wphilippault5i@digg.com,223.44.207.252,45,Germany,06126,green
bdilkes5j,Belita,Dilkes,Female,2/17/1980,bdilkes5j@deviantart.com,3.189.0.170,53,Honduras,,blue
dwickey5k,Daryle,Wickey,Male,2/13/1970,dwickey5k@fema.gov,254.165.204.1,64,China,,blue
wlelliott5l,Wakefield,Lelliott,Male,8/25/1993,wlelliott5l@seesaa.net,176.93.108.217,76,China,,blue
arosita5m,Amabel,Rosita,Female,5/4/1994,arosita5m@chron.com,104.162.211.12,68,Argentina,4701,green
iblacklock5n,Inna,Blacklock,Female,5/23/1978,iblacklock5n@arizona.edu,4.24.213.77,21,Philippines,7207,red
bwarters5o,Byram,Warters,Male,1/3/1992,bwarters5o@globo.com,38.188.9.77,66,Indonesia,,green
fmathison5p,Forrester,Mathison,Male,7/18/1994,fmathison5p@abc.net.au,220.113.131.86,24,Guatemala,16009,blue
atwiggins5q,Alberik,Twiggins,Male,6/4/1971,atwiggins5q@mozilla.org,48.149.217.93,39,Indonesia,,blue
bsetterfield5r,Barron,Setterfield,Male,5/26/1988,bsetterfield5r@smh.com.au,252.186.90.54,82,France,75778 CEDEX 16,green
ewooderson5s,Englebert,Wooderson,Male,4/9/1987,ewooderson5s@nifty.com,195.50.67.221,51,Greenland,3922,blue
bmacdearmont5t,Bonny,MacDearmont,Female,8/20/1978,bmacdearmont5t@bravesites.com,139.225.74.40,32,Russia,141028,green
mrohloff5u,Mendel,Rohloff,Male,5/5/1972,mrohloff5u@samsung.com,52.199.231.174,35,Indonesia,,green
klehr5v,Kelvin,Lehr,Male,11/16/1972,klehr5v@instagram.com,251.39.74.67,75,Colombia,731027,blue
ikelloway5w,Ingram,Kelloway,Male,9/23/2001,ikelloway5w@t.co,165.11.183.195,61,China,,blue
sthirtle5x,Stan,Thirtle,Male,10/23/1972,sthirtle5x@cnet.com,143.67.106.148,55,Indonesia,,blue
nfreemantle5y,Neila,Freemantle,Female,8/27/1982,nfreemantle5y@sciencedaily.com,58.83.63.9,37,Colombia,660017,blue
dlafflina5z,Durand,Lafflina,Male,3/13/1988,dlafflina5z@issuu.com,234.81.75.9,66,Cyprus,,blue
rcliffe60,Ricki,Cliffe,Male,11/15/1970,rcliffe60@phpbb.com,211.104.207.189,62,Indonesia,,red
lharbottle61,Lida,Harbottle,Female,2/20/1970,lharbottle61@ocn.ne.jp,22.214.36.12,52,Australia,1181,red
olinfoot62,Ofella,Linfoot,Female,8/28/2002,olinfoot62@ycombinator.com,174.212.160.153,37,Egypt,,green
jduckit63,Jacob,Duckit,Male,7/29/1984,jduckit63@miibeian.gov.cn,9.36.24.248,56,Cameroon,,red
imurcott64,Irwinn,Murcott,Male,5/9/1980,imurcott64@cdbaby.com,23.245.216.172,60,Morocco,,blue
lfolker65,Laughton,Folker,Male,9/20/1994,lfolker65@dailymotion.com,23.91.139.177,20,France,39104 CEDEX,red
abain66,Averil,Bain,Male,10/16/1979,abain66@jalbum.net,107.32.87.156,32,Panama,,green
tstruis67,Timothee,Struis,Male,10/5/1997,tstruis67@loc.gov,14.177.233.63,25,China,,red
scasaccio68,Simonne,Casaccio,Female,10/27/1988,scasaccio68@goodreads.com,24.74.122.91,83,Palestinian,,green
bandreotti69,Bernadette,Andreotti,Female,10/28/1990,bandreotti69@jalbum.net,147.73.66.10,74,Indonesia,,red
mmosby6a,Martha,Mosby,Female,3/23/1970,mmosby6a@nbcnews.com,26.123.23.139,23,Thailand,94160,blue
hrider6b,Hedwiga,Rider,Female,11/3/1973,hrider6b@usatoday.com,82.121.185.167,50,Japan,270-0164,red
lmcgeown6c,Lavina,McGeown,Female,10/28/1983,lmcgeown6c@dagondesign.com,186.6.233.198,67,Brazil,43900-000,red
wsymcoxe6d,Wanids,Symcoxe,Female,4/28/1975,wsymcoxe6d@webeden.co.uk,237.46.185.227,59,Bolivia,,green
ddmisek6e,Don,Dmisek,Male,10/21/1988,ddmisek6e@nytimes.com,152.142.154.156,34,China,,green
cbunn6f,Caz,Bunn,Male,9/17/1990,cbunn6f@technorati.com,138.200.48.137,44,Yemen,,red
svannozzii6g,Sharon,Vannozzii,Female,11/30/1996,svannozzii6g@printfriendly.com,47.249.211.8,73,Ethiopia,,green
acleeves6h,Arnie,Cleeves,Male,12/17/1972,acleeves6h@fotki.com,251.90.224.134,41,Nigeria,,blue
xheadford6i,Xena,Headford,Female,12/5/1972,xheadford6i@webs.com,23.163.5.200,33,Guatemala,06002,green
zelloit6j,Zenia,Elloit,Female,2/26/1976,zelloit6j@slideshare.net,45.221.118.130,65,Poland,66-627,green
ejuris6k,Enoch,Juris,Male,1/7/1970,ejuris6k@dion.ne.jp,223.188.35.134,44,China,,green
sgrunnill6l,Skipton,Grunnill,Male,11/29/1977,sgrunnill6l@wired.com,103.166.228.145,79,Malaysia,91020,blue
lcaulliere6m,Lorelei,Caulliere,Female,6/3/2000,lcaulliere6m@miibeian.gov.cn,244.43.233.22,42,Oman,,green
akaufman6n,Allissa,Kaufman,Female,1/7/1983,akaufman6n@nbcnews.com,39.210.220.153,85,Palestinian Territory,,red
tcunrado6o,Tracey,Cunrado,Male,2/18/1991,tcunrado6o@shareasale.com,26.122.212.225,62,United States,63143,green
bsawrey6p,Bebe,Sawrey,Female,1/10/1974,bsawrey6p@vistaprint.com,167.0.95.241,40,Indonesia,,red
rhurler6q,Rafferty,Hurler,Male,2/21/1997,rhurler6q@jigsy.com,84.26.225.62,78,Philippines,3300,blue
cgarvie6r,Corabel,Garvie,Female,9/28/1996,cgarvie6r@flickr.com,106.2.134.227,32,Gabon,,green
lpecha6s,Lindsay,Pecha,Female,3/28/1985,lpecha6s@jigsy.com,7.212.140.187,83,Vietnam,,red
kolesen6t,Kathryn,Olesen,Female,6/22/1976,kolesen6t@indiegogo.com,130.185.149.77,19,China,,red
kcasari6u,Kahlil,Casari,Male,9/5/1995,kcasari6u@japanpost.jp,226.31.74.252,75,Bosnia and Herzegovina,,green
sfall6v,Shelly,Fall,Female,6/15/1980,sfall6v@networksolutions.com,84.68.189.194,60,France,67975 CEDEX 9,red
adenmead6w,Alanna,Denmead,Female,2/15/1989,adenmead6w@craigslist.org,39.205.203.131,44,Indonesia,,blue
bnunnery6x,Barbabas,Nunnery,Male,3/21/1976,bnunnery6x@soup.io,135.62.148.180,50,Malaysia,30902,red
succello6y,Shanda,Uccello,Female,7/15/1970,succello6y@123-reg.co.uk,172.3.174.206,48,Indonesia,,red
lpowder6z,Liesa,Powder,Female,4/30/1970,lpowder6z@com.com,85.21.163.5,31,Indonesia,,red
vhaxbie70,Violante,Haxbie,Female,8/16/1975,vhaxbie70@wired.com,75.125.236.74,67,Argentina,2419,green
mdarnody71,Marty,Darnody,Female,4/7/1999,mdarnody71@aol.com,193.155.212.246,82,Brazil,68440-000,blue
mpaur72,Maisie,Paur,Female,12/21/1999,mpaur72@canalblog.com,68.184.223.146,55,China,,green
jfiggess73,Jinny,Figgess,Female,11/14/1983,jfiggess73@instagram.com,69.74.83.250,70,Indonesia,,green
cstoffer74,Ceil,Stoffer,Female,2/4/1999,cstoffer74@woothemes.com,119.249.141.112,66,Belarus,,red
sperotti75,Stefano,Perotti,Male,8/24/1999,sperotti75@canalblog.com,227.119.5.204,33,China,,blue
acouves76,Allyn,Couves,Female,12/6/1988,acouves76@bloomberg.com,51.96.115.88,32,Afghanistan,,blue
bazema77,Berti,Azema,Male,1/17/1971,bazema77@ezinearticles.com,173.71.49.70,35,Panama,,green
jdisbrow78,Jonis,Disbrow,Female,11/12/1980,jdisbrow78@stumbleupon.com,236.145.155.58,52,Brazil,38840-000,red
lpavinese79,Lou,Pavinese,Female,9/29/1990,lpavinese79@blogspot.com,182.67.204.184,75,Russia,182370,green
rblaise7a,Ranice,Blaise,Female,4/4/1971,rblaise7a@fda.gov,217.138.219.56,83,Russia,346020,red
gvedyasov7b,Giulia,Vedyasov,Female,5/24/1987,gvedyasov7b@etsy.com,133.219.249.219,44,Nigeria,,red
iassad7c,Irvin,Assad,Male,2/2/1971,iassad7c@huffingtonpost.com,211.151.50.33,58,Brazil,69870-000,blue
ekoubu7d,Ettore,Koubu,Male,2/27/1974,ekoubu7d@over-blog.com,209.164.236.38,51,Indonesia,,blue
hradwell7e,Humfrey,Radwell,Male,7/28/1983,hradwell7e@indiegogo.com,109.27.200.91,58,Brazil,23860-000,red
jbode7f,Jennica,Bode,Female,4/13/1983,jbode7f@google.nl,221.206.170.163,28,Indonesia,,blue
svanvelde7g,Sib,Van Velde,Female,2/27/2002,svanvelde7g@ed.gov,149.192.41.215,39,Japan,779-3601,green
bryce7h,Brendan,Ryce,Male,5/3/1984,bryce7h@typepad.com,206.90.153.53,65,Pakistan,43261,green
bsimonite7i,Bernadina,Simonite,Female,11/14/1984,bsimonite7i@hao123.com,195.105.161.233,36,Indonesia,,blue
smorsey7j,Shela,Morsey,Female,8/20/1987,smorsey7j@techcrunch.com,147.22.108.96,49,Guatemala,03009,green
rstudeart7k,Rosita,Studeart,Female,9/7/1989,rstudeart7k@eventbrite.com,71.213.177.57,28,Indonesia,,red
kcanadine7l,Kele,Canadine,Male,12/22/1982,kcanadine7l@msn.com,137.87.182.29,45,Sweden,184 92,blue
palejo7m,Penelope,Alejo,Female,1/30/1998,palejo7m@berkeley.edu,197.252.146.74,26,Guatemala,10007,blue
emaccarter7n,Eugenius,MacCarter,Male,2/2/1977,emaccarter7n@oaic.gov.au,192.48.162.104,46,China,,red
skarp7o,Sadie,Karp,Female,8/15/2002,skarp7o@hc360.com,239.45.119.103,39,France,75729 CEDEX 15,red
ksomes7p,Karoly,Somes,Male,1/5/1971,ksomes7p@amazon.de,252.227.202.174,35,China,,green
edrance7q,Emili,Drance,Female,4/25/1978,edrance7q@tumblr.com,133.88.180.186,36,Finland,29811,blue
mhenfre7r,Marchall,Henfre,Male,1/27/1981,mhenfre7r@google.de,20.156.101.187,65,Indonesia,,blue
fmacia7s,Fanchette,Macia,Female,3/31/1973,fmacia7s@meetup.com,244.189.22.175,33,Indonesia,,red
njacobson7t,Nita,Jacobson,Female,1/29/2000,njacobson7t@epa.gov,185.225.178.103,75,China,,green
dblaxton7u,Diannne,Blaxton,Female,3/17/1977,dblaxton7u@ustream.tv,166.61.75.148,32,Estonia,,green
jtrimnell7v,Jakie,Trimnell,Male,5/14/1971,jtrimnell7v@geocities.jp,1.152.140.227,19,Philippines,3708,red
ocarabet7w,Oliy,Carabet,Female,1/6/1999,ocarabet7w@google.cn,181.72.26.6,78,Philippines,8421,green
aarkin7x,Ailee,Arkin,Female,9/26/1977,aarkin7x@archive.org,30.155.93.119,68,Czech Republic,675 55,blue
wpointin7y,Wallie,Pointin,Male,2/4/1987,wpointin7y@goo.ne.jp,232.248.75.147,67,China,,red
jdunkley7z,Jim,Dunkley,Male,8/15/1980,jdunkley7z@usgs.gov,86.169.157.70,57,Armenia,,red
esouthard80,Edgard,Southard,Male,3/5/1972,esouthard80@wikia.com,146.186.196.199,77,China,,red
pmerryweather81,Philippa,Merryweather,Female,3/20/1982,pmerryweather81@adobe.com,212.223.196.7,36,China,,green
hshelbourne82,Hilarius,Shelbourne,Male,7/2/1997,hshelbourne82@skype.com,34.86.30.40,40,Japan,969-1783,red
shayley83,Sanders,Hayley,Male,4/30/1972,shayley83@paypal.com,27.95.62.209,82,Brazil,35000-000,green
kpryell84,Kin,Pryell,Male,4/2/1980,kpryell84@cbc.ca,91.26.249.214,44,Russia,429315,red
lcrosson85,Lesley,Crosson,Female,3/14/1987,lcrosson85@yahoo.co.jp,112.5.136.111,27,Argentina,1814,green
gperelli86,Gaelan,Perelli,Male,7/9/2002,gperelli86@tumblr.com,15.179.5.196,35,Libya,,red
gfrascone87,Gaultiero,Frascone,Male,11/17/1986,gfrascone87@sciencedaily.com,238.58.87.187,48,China,,green
dhayler88,Daven,Hayler,Male,8/28/2000,dhayler88@stumbleupon.com,90.50.148.249,54,Saudi Arabia,,blue
meich89,Mathias,Eich,Male,1/14/1988,meich89@twitter.com,184.232.69.203,72,Republic of the Congo,,red
rsnel8a,Ronnica,Snel,Female,12/28/1975,rsnel8a@wunderground.com,166.14.88.199,33,Vietnam,,blue
fdeathridge8b,Fred,Deathridge,Female,1/25/1985,fdeathridge8b@google.fr,233.157.186.219,31,Thailand,64110,green
rring8c,Rhona,Ring,Female,8/5/1993,rring8c@woothemes.com,100.34.86.93,69,Indonesia,,red
pkosel8d,Pincus,Kosel,Male,10/28/1988,pkosel8d@netscape.com,25.99.209.66,34,France,94809 CEDEX,blue
vwartonby8e,Verge,Wartonby,Male,7/31/1984,vwartonby8e@goo.gl,22.92.176.12,72,Russia,618284,green
agregoletti8f,Arabele,Gregoletti,Female,2/28/1996,agregoletti8f@indiegogo.com,90.28.220.235,57,Iran,,blue
csheriff8g,Casar,Sheriff,Male,12/24/1977,csheriff8g@wordpress.com,192.122.90.167,70,Brazil,27500-000,red
dnapier8h,Duane,Napier,Male,9/9/1990,dnapier8h@plala.or.jp,76.35.87.171,82,Russia,357838,red
cbelderfield8i,Corny,Belderfield,Female,1/12/1985,cbelderfield8i@gizmodo.com,253.189.229.83,27,Moldova,MD-6114,blue
qhembry8j,Quinn,Hembry,Male,2/15/1971,qhembry8j@buzzfeed.com,8.170.191.69,38,China,,red
rcadigan8k,Rayner,Cadigan,Male,8/8/1986,rcadigan8k@hugedomains.com,34.106.79.243,35,France,77104 CEDEX,blue
lkubista8l,Latashia,Kubista,Female,9/30/1993,lkubista8l@php.net,50.68.47.4,60,Peru,,red
cstopforth8m,Clyve,Stopforth,Male,2/18/1982,cstopforth8m@hostgator.com,106.36.232.58,51,Russia,633104,green
mmawtus8n,Micky,Mawtus,Male,1/11/1972,mmawtus8n@nps.gov,116.147.57.69,71,Poland,23-231,blue
nquilter8o,Nevile,Quilter,Male,3/12/1994,nquilter8o@issuu.com,188.187.52.225,71,China,,blue
ftowlson8p,Francisco,Towlson,Male,2/12/1975,ftowlson8p@photobucket.com,235.24.94.5,38,Greece,,green
csnap8q,Corette,Snap,Female,1/31/1996,csnap8q@census.gov,120.70.154.139,37,Indonesia,,red
sforcade8r,Sharla,Forcade,Female,4/25/1979,sforcade8r@prnewswire.com,97.46.39.159,18,Indonesia,,red
sschermick8s,Sullivan,Schermick,Male,4/8/1977,sschermick8s@ted.com,78.228.127.210,41,Canada,E1C,red
wpurton8t,Willy,Purton,Male,11/17/1984,wpurton8t@istockphoto.com,35.194.88.55,23,China,,red
elohde8u,Evin,Lohde,Male,8/12/1991,elohde8u@ezinearticles.com,129.20.108.208,40,Colombia,527548,green
rmaven8v,Ravi,Maven,Male,9/3/1972,rmaven8v@ebay.com,88.211.135.81,80,China,,green
bheliar8w,Betti,Heliar,Female,10/30/1972,bheliar8w@zimbio.com,204.214.167.12,69,Portugal,2510-015,blue
bklinck8x,Bonnee,Klinck,Female,1/24/2000,bklinck8x@biblegateway.com,79.76.92.181,28,Canada,P0W,green
strowle8y,Seka,Trowle,Female,11/20/2001,strowle8y@gizmodo.com,75.207.1.15,82,Poland,46-024,red
joborne8z,Jess,O' Borne,Female,5/8/1977,joborne8z@ca.gov,6.41.77.185,24,Brazil,85960-000,red
elockyear90,Elbert,Lockyear,Male,7/31/1977,elockyear90@infoseek.co.jp,84.70.38.250,18,China,,red
iroubottom91,Idelle,Roubottom,Female,12/27/1994,iroubottom91@addtoany.com,207.167.204.38,64,China,,blue
gemons92,Glen,Emons,Male,2/17/1981,gemons92@macromedia.com,215.243.100.216,44,Poland,16-433,red
caxe93,Cazzie,Axe,Male,2/26/1979,caxe93@wired.com,125.223.159.68,69,Kenya,,blue
cbinnion94,Catherina,Binnion,Female,10/13/1985,cbinnion94@fda.gov,26.189.7.210,36,China,,red
ntilsley95,Nathanael,Tilsley,Male,11/20/1988,ntilsley95@clickbank.net,12.71.73.21,78,French Polynesia,,red
wbernardi96,Webster,Bernardi,Male,4/30/2002,wbernardi96@mapy.cz,43.33.251.241,34,Palestinian,,green
tseldner97,Trista,Seldner,Female,7/15/1978,tseldner97@unblog.fr,136.44.197.26,73,Brazil,11250-000,blue
apowys98,Algernon,Powys,Male,9/9/1982,apowys98@netscape.com,153.142.154.99,60,Japan,892-0873,blue
tgirvan99,Torrey,Girvan,Male,12/26/1989,tgirvan99@huffingtonpost.com,210.95.211.201,41,Peru,,blue
clummis9a,Carine,Lummis,Female,12/19/2001,clummis9a@hc360.com,44.194.143.113,22,Mexico,70762,green
kbernt9b,Kittie,Bernt,Female,5/19/2002,kbernt9b@linkedin.com,54.125.15.82,36,Russia,399345,red
khattiff9c,Kaine,Hattiff,Male,7/11/1972,khattiff9c@huffingtonpost.com,183.90.73.115,18,Poland,46-030,green
cimpey9d,Chip,Impey,Male,6/5/1973,cimpey9d@bbc.co.uk,240.43.22.168,57,Brazil,39470-000,red
fworge9e,Forest,Worge,Male,8/30/1988,fworge9e@de.vu,255.60.252.179,23,Russia,142451,green
abruckner9f,Artemus,Bruckner,Male,5/5/1996,abruckner9f@springer.com,63.118.168.128,23,Indonesia,,green
trenison9g,Trstram,Renison,Male,1/15/1980,trenison9g@moonfruit.com,44.98.231.70,50,Thailand,80140,blue
abaughn9h,Andee,Baughn,Female,2/12/1978,abaughn9h@vk.com,77.206.75.36,80,France,54154 CEDEX,blue
swastie9i,Sophi,Wastie,Female,1/19/1996,swastie9i@kickstarter.com,84.6.203.100,25,Indonesia,,blue
ftejada9j,Ferdinand,Tejada,Male,10/12/1970,ftejada9j@time.com,220.28.48.32,18,Lithuania,54015,blue
dschule9k,Deedee,Schule,Female,5/30/1981,dschule9k@europa.eu,74.211.84.94,38,Argentina,2550,green
obullas9l,Oswald,Bullas,Male,10/26/1979,obullas9l@umich.edu,180.105.90.219,31,Portugal,2480-301,red
akennaway9m,Alisander,Kennaway,Male,8/22/1982,akennaway9m@weather.com,48.63.108.225,28,Indonesia,,green
knorwich9n,Karola,Norwich,Female,5/15/1973,knorwich9n@booking.com,144.73.52.238,84,Indonesia,,blue
ggorriessen9o,Guilbert,Gorriessen,Male,11/20/1987,ggorriessen9o@jalbum.net,72.86.214.5,71,France,13674 CEDEX,blue
afossett9p,Aloysius,Fossett,Male,12/27/1983,afossett9p@china.com.cn,136.78.162.119,40,Czech Republic,378 33,blue
rmarton9q,Rolph,Marton,Male,2/6/1982,rmarton9q@behance.net,166.127.199.131,33,Poland,05-509,red
strebbett9r,Spence,Trebbett,Male,3/1/1974,strebbett9r@canalblog.com,167.97.240.65,44,Indonesia,,green
dantoniak9s,Dede,Antoniak,Female,10/27/1972,dantoniak9s@a8.net,88.88.149.188,33,China,,red
sfardell9t,Sherilyn,Fardell,Female,7/11/1980,sfardell9t@feedburner.com,118.156.16.12,66,China,,red
kstaries9u,Kippy,Staries,Male,6/15/1998,kstaries9u@smh.com.au,158.61.111.4,30,Portugal,4625-347,green
asygrove9v,Alexina,Sygrove,Female,5/4/1974,asygrove9v@bloglovin.com,178.194.6.156,45,Peru,,green
cvanhove9w,Corby,Van Hove,Male,1/29/1984,cvanhove9w@sfgate.com,57.14.6.164,45,China,,red
wbirkwood9x,Waylin,Birkwood,Male,6/23/1978,wbirkwood9x@noaa.gov,17.183.79.50,46,China,,blue
wraleston9y,Wildon,Raleston,Male,6/24/1986,wraleston9y@eepurl.com,255.82.176.233,48,China,,red
cferrie9z,Cobbie,Ferrie,Male,1/9/1977,cferrie9z@yahoo.com,217.225.203.220,66,Russia,694222,green
gworsnupa0,Georgina,Worsnup,Female,10/17/1996,gworsnupa0@google.com,181.138.88.136,83,Poland,42-244,green
zmcphilipa1,Zeke,McPhilip,Male,10/31/1974,zmcphilipa1@sakura.ne.jp,242.243.19.159,70,Portugal,2860-318,blue
cgodsila2,Constancy,Godsil,Female,11/28/1970,cgodsila2@ibm.com,75.246.231.139,69,Malaysia,50609,red
bcapea3,Buckie,Cape,Male,7/8/1983,bcapea3@purevolume.com,15.34.161.6,39,Peru,,blue
ycorsara4,Yvette,Corsar,Female,6/24/1991,ycorsara4@storify.com,70.61.158.159,26,United States,40745,red
ccaltuna5,Ches,Caltun,Male,8/14/1973,ccaltuna5@ft.com,208.110.95.145,34,China,,green
evandecappellea6,Evey,Van De Cappelle,Female,8/23/1986,evandecappellea6@ucoz.ru,187.26.166.68,43,Czech Republic,763 15,red
cmarshallecka7,Carry,Marshalleck,Female,11/5/1983,cmarshallecka7@prnewswire.com,165.54.65.124,61,Philippines,4104,red
hreadshawa8,Hettie,Readshaw,Female,1/22/1994,hreadshawa8@jigsy.com,236.229.81.110,82,China,,green
swytcharda9,Sara-ann,Wytchard,Female,6/15/1984,swytcharda9@virginia.edu,224.247.45.103,32,China,,green
emaclavertyaa,Eugenius,MacLaverty,Male,12/12/1993,emaclavertyaa@example.com,206.255.8.49,22,Poland,46-325,blue
pchaperlinab,Percy,Chaperlin,Male,5/13/1970,pchaperlinab@eventbrite.com,1.141.17.149,59,Czech Republic,399 01,blue
tcattrellac,Tabb,Cattrell,Male,8/4/2001,tcattrellac@yandex.ru,228.60.112.11,54,Portugal,2860-010,blue
hkleisad,Hi,Kleis,Male,6/4/1983,hkleisad@psu.edu,70.60.155.187,44,Canada,E4P,red
lschorahae,Lillian,Schorah,Female,9/21/1995,lschorahae@omniture.com,81.95.111.133,72,Thailand,77150,green
gvosperaf,Grete,Vosper,Female,6/2/1997,gvosperaf@uol.com.br,213.152.105.98,69,Nigeria,,green
adungeyag,Archibaldo,Dungey,Male,7/19/1988,adungeyag@nymag.com,89.200.0.134,27,Mexico,71142,blue
wbrokeah,Wilbur,Broke,Male,12/23/1972,wbrokeah@amazon.de,87.246.217.239,60,Ukraine,,green
nallibertonai,Ninnette,Alliberton,Female,10/19/1992,nallibertonai@va.gov,142.137.14.95,64,China,,red
jcominettiaj,Jessica,Cominetti,Female,10/4/1975,jcominettiaj@tamu.edu,148.88.139.185,80,Kazakhstan,,blue
msawterak,Marquita,Sawter,Female,6/25/1985,msawterak@friendfeed.com,238.72.88.171,35,China,,red
tgodehardsfal,Thornie,Godehard.sf,Male,9/29/1972,tgodehardsfal@dyndns.org,17.10.191.55,71,Thailand,42150,green
lcamamillam,Leighton,Camamill,Male,5/10/1998,lcamamillam@cbsnews.com,151.146.105.200,52,China,,red
jmarishenkoan,Jo-anne,Marishenko,Female,1/3/1974,jmarishenkoan@theatlantic.com,169.93.196.59,32,Slovenia,8330,green
otiplerao,Oliy,Tipler,Female,8/14/1994,otiplerao@phpbb.com,23.179.95.121,30,China,,blue
rprowtingap,Raf,Prowting,Female,11/16/1999,rprowtingap@salon.com,142.211.110.233,59,Portugal,2710-257,red
hpaddieaq,Helen-elizabeth,Paddie,Female,6/29/1989,hpaddieaq@last.fm,123.16.77.230,30,Philippines,7202,red
hkeoghanar,Homere,Keoghan,Male,1/5/1990,hkeoghanar@usa.gov,131.63.251.244,77,Mexico,52740,blue
sterryas,Shelton,Terry,Male,3/14/1971,sterryas@go.com,117.23.27.19,28,Latvia,,green
memmisonat,Morgen,Emmison,Female,8/26/2000,memmisonat@baidu.com,34.142.53.242,60,Poland,05-402,green
eflauneau,Evania,Flaune,Female,2/27/1998,eflauneau@ibm.com,133.59.11.187,69,Russia,659600,blue
wdinningtonav,Wilden,Dinnington,Male,7/18/1981,wdinningtonav@dedecms.com,208.244.24.163,38,France,20184 CEDEX 1,red
mclowneyaw,Mikaela,Clowney,Female,8/6/1988,mclowneyaw@globo.com,47.133.53.51,76,Iran,,red
sparishax,Sloan,Parish,Male,3/18/1974,sparishax@istockphoto.com,179.31.225.165,37,South Korea,,red
vmelmaray,Violet,Melmar,Female,5/1/1998,vmelmaray@tiny.cc,113.41.96.171,79,China,,green
msteneraz,Matthieu,Stener,Male,8/11/1986,msteneraz@clickbank.net,166.74.215.96,24,Ireland,D04,blue
acreightonb0,Austine,Creighton,Female,10/23/1991,acreightonb0@sourceforge.net,87.121.21.67,50,United States,88574,red
rmartyb1,Ross,Marty,Male,1/26/1992,rmartyb1@a8.net,141.219.196.115,82,Yemen,,blue
mbettaneyb2,Myca,Bettaney,Male,1/23/1992,mbettaneyb2@sciencedirect.com,72.27.194.143,64,China,,green
ocallinanb3,Oby,Callinan,Male,2/12/1984,ocallinanb3@soundcloud.com,190.192.184.191,23,Brazil,55720-000,green
emaypoleb4,Elane,Maypole,Female,11/25/1972,emaypoleb4@cdc.gov,215.38.111.220,26,Uzbekistan,,green
cjacquemyb5,Claudia,Jacquemy,Female,4/27/2001,cjacquemyb5@yahoo.com,93.251.38.84,50,Afghanistan,,green
jfitchewb6,Jephthah,Fitchew,Male,1/29/1979,jfitchewb6@nih.gov,24.180.178.46,68,Luxembourg,L-5431,red
pweinb7,Panchito,Wein,Male,9/14/1995,pweinb7@nih.gov,143.208.160.246,77,Vietnam,,blue
mdivesb8,Melosa,Dives,Female,6/26/1974,mdivesb8@google.nl,241.3.108.3,64,China,,blue
gheckb9,Giralda,Heck,Female,5/21/1974,gheckb9@mayoclinic.com,100.121.151.155,31,Mongolia,,red
owethba,Omero,Weth,Male,2/15/1977,owethba@technorati.com,59.93.132.252,40,Canada,T5G,red
nmallinarbb,Nevil,Mallinar,Male,6/11/1993,nmallinarbb@blogs.com,218.5.92.35,23,Tanzania,,green
pyewdellbc,Pauletta,Yewdell,Female,8/28/1975,pyewdellbc@linkedin.com,203.34.104.89,51,Brazil,55640-000,blue
lmitchallbd,Layney,Mitchall,Female,3/8/2002,lmitchallbd@alexa.com,73.255.180.117,42,Poland,63-642,green
wyankovbe,Wilfrid,Yankov,Male,12/15/1977,wyankovbe@eventbrite.com,131.17.105.77,75,France,66013 CEDEX 9,green
kfarndalebf,Kyla,Farndale,Female,5/8/1975,kfarndalebf@usda.gov,66.195.25.124,36,Palestinian Territory,,red
vrushbybg,Vinita,Rushby,Female,3/25/1999,vrushbybg@gnu.org,65.89.235.84,52,China,,blue
ssiburnbh,Skye,Siburn,Male,5/6/1975,ssiburnbh@squarespace.com,189.45.204.177,82,China,,red
orudrambi,Odo,Rudram,Male,11/16/1990,orudrambi@europa.eu,27.176.216.87,74,Peru,,green
mtatherbj,Miner,Tather,Male,11/7/1972,mtatherbj@fc2.com,127.158.133.129,66,Indonesia,,red
mjeayesbk,Myriam,Jeayes,Female,5/27/1973,mjeayesbk@nyu.edu,113.181.38.153,38,Brazil,54800-000,red
foglesbl,Felizio,Ogles,Male,4/25/1981,foglesbl@unesco.org,29.102.122.38,71,Philippines,4602,red
mmedwaybm,Maybelle,Medway,Female,5/25/1976,mmedwaybm@merriam-webster.com,222.193.28.160,26,United States,20535,green
mpaasobn,Mick,Paaso,Male,9/27/1973,mpaasobn@163.com,35.55.187.221,18,Poland,74-505,red
rknowlsonbo,Reinaldo,Knowlson,Male,8/14/1972,rknowlsonbo@mashable.com,129.126.185.248,45,Poland,64-930,green
sbilesbp,Sherry,Biles,Female,7/17/1973,sbilesbp@nifty.com,118.205.194.159,75,Kosovo,,red
molijvebq,Marquita,Olijve,Female,6/10/1998,molijvebq@yandex.ru,20.176.83.88,69,Indonesia,,green
gcullitybr,Gal,Cullity,Male,2/14/1986,gcullitybr@infoseek.co.jp,252.191.56.66,32,Indonesia,,green
jghestbs,Johannes,Ghest,Male,12/10/1983,jghestbs@umich.edu,103.157.158.54,63,Greece,,green
ddayebt,Damian,Daye,Male,5/31/1986,ddayebt@theglobeandmail.com,219.134.53.54,32,Russia,431469,blue
stregensoebu,Sander,Tregensoe,Male,12/19/1988,stregensoebu@senate.gov,230.216.226.253,36,Philippines,6309,red
mmintybv,Malynda,Minty,Female,8/18/1972,mmintybv@ucsd.edu,91.199.14.244,47,Russia,601430,red
jpaulichbw,Jade,Paulich,Female,1/24/1998,jpaulichbw@businessweek.com,8.32.109.40,43,Russia,249884,green
aluxfordbx,Aldis,Luxford,Male,11/12/1982,aluxfordbx@dailymail.co.uk,53.77.178.223,78,China,,red
gdanielotby,Georgy,Danielot,Male,10/4/1984,gdanielotby@google.nl,102.26.38.48,19,China,,red
rmacgilpatrickbz,Ruthann,MacGilpatrick,Female,3/25/1991,rmacgilpatrickbz@go.com,1.92.255.167,75,China,,blue
athodyc0,Arturo,Thody,Male,11/18/1972,athodyc0@msn.com,231.230.162.184,32,Nepal,,green
oissonc1,Orelee,Isson,Female,5/20/1971,oissonc1@guardian.co.uk,149.241.51.147,18,China,,green
sbeswickc2,Shadow,Beswick,Male,5/30/1996,sbeswickc2@forbes.com,21.194.18.219,63,Brazil,29285-000,red
asollarsc3,Andreas,Sollars,Male,2/6/1970,asollarsc3@canalblog.com,246.32.114.252,73,Albania,,blue
htresisec4,Hakeem,Tresise,Male,8/17/1994,htresisec4@4shared.com,13.88.145.209,57,China,,green
cbattingc5,Candida,Batting,Female,10/13/1984,cbattingc5@pbs.org,188.147.238.119,45,Canada,V3B,green
mnorridgec6,Myron,Norridge,Male,4/12/1986,mnorridgec6@cbsnews.com,37.96.60.5,67,Tunisia,,green
sfannc7,Susie,Fann,Female,7/10/1978,sfannc7@naver.com,41.2.239.203,68,Indonesia,,blue
estealyc8,Ertha,Stealy,Female,2/22/1976,estealyc8@google.cn,125.232.10.236,21,China,,blue
bpercifullc9,Babbie,Percifull,Female,9/7/2000,bpercifullc9@acquirethisname.com,89.37.96.167,70,Slovenia,9204,blue
ocratca,Ogden,Crat,Male,5/25/1979,ocratca@imdb.com,27.17.94.30,27,Indonesia,,green
gszachcb,Garvin,Szach,Male,5/13/1988,gszachcb@smugmug.com,45.157.112.220,69,Portugal,2725-528,red
wchicotticc,Wang,Chicotti,Male,11/25/1971,wchicotticc@samsung.com,190.186.253.189,78,Philippines,1151,green
ydannelcd,Ynes,Dannel,Female,9/7/1976,ydannelcd@salon.com,186.252.27.80,55,China,,red
tcamblince,Tremaine,Camblin,Male,1/5/1983,tcamblince@cmu.edu,135.62.76.213,85,Russia,622052,green
ebollanscf,Ewart,Bollans,Male,1/14/1985,ebollanscf@cdbaby.com,164.134.64.198,53,Brazil,86700-000,red
bcyplercg,Bartholomeo,Cypler,Male,8/5/1970,bcyplercg@reference.com,20.171.236.248,83,Brazil,63560-000,blue
kgamettch,Kelby,Gamett,Male,11/8/2000,kgamettch@latimes.com,169.150.41.226,49,Azerbaijan,,red
sharversonci,Sherye,Harverson,Female,9/28/1996,sharversonci@wikimedia.org,57.99.247.99,74,Poland,58-310,green
divanoviccj,Damon,Ivanovic,Male,12/19/1979,divanoviccj@etsy.com,25.252.242.117,84,Madagascar,,green
kcowlinck,Kiri,Cowlin,Female,11/26/1983,kcowlinck@wsj.com,29.23.37.149,57,Cuba,,red
ysaziocl,Yelena,Sazio,Female,5/2/1974,ysaziocl@issuu.com,139.120.194.140,33,Germany,70190,red
bgirkcm,Bee,Girk,Female,7/2/1974,bgirkcm@ustream.tv,38.8.169.2,40,China,,red
cmaylincn,Clarinda,Maylin,Female,6/21/1984,cmaylincn@studiopress.com,44.120.226.35,65,Pakistan,76000,red
ctamesco,Cullen,Tames,Male,2/20/1983,ctamesco@clickbank.net,94.12.118.185,42,China,,blue
agebbcp,Atalanta,Gebb,Female,5/13/1970,agebbcp@noaa.gov,12.95.253.247,52,China,,red
tlawrinsoncq,Theodora,Lawrinson,Female,7/10/1972,tlawrinsoncq@admin.ch,48.201.172.206,32,Azerbaijan,,red
lmcgreaycr,Lisabeth,McGreay,Female,7/11/1989,lmcgreaycr@samsung.com,247.199.99.21,83,China,,blue
tfeildencs,Thibaud,Feilden,Male,9/29/1977,tfeildencs@cdbaby.com,235.50.54.9,33,Indonesia,,green
rmccorriect,Rosemaria,McCorrie,Female,5/31/1975,rmccorriect@wp.com,8.29.125.76,18,Poland,42-610,blue
fhartlesscu,Fraser,Hartless,Male,7/8/1973,fhartlesscu@bigcartel.com,167.67.207.38,23,East Timor,,blue
kpullmancv,Kelsy,Pullman,Female,8/25/1979,kpullmancv@whitehouse.gov,171.120.126.116,81,Poland,89-310,green
sbelitzcw,Stacey,Belitz,Female,6/7/1981,sbelitzcw@dailymotion.com,46.183.146.91,73,Indonesia,,green
jrechertcx,Jacklyn,Rechert,Female,5/12/1993,jrechertcx@google.es,185.87.196.65,43,Tanzania,,green
mpezeycy,Matthieu,Pezey,Male,7/4/2001,mpezeycy@harvard.edu,6.54.132.205,39,Chad,,blue
lgianullocz,Leisha,Gianullo,Female,9/5/1991,lgianullocz@bloglovin.com,124.25.150.158,44,Colombia,195047,green
ngerrand0,Nikkie,Gerran,Female,6/28/1990,ngerrand0@imdb.com,160.215.32.66,37,Ghana,,blue
nzorenerd1,Normand,Zorener,Male,7/4/1995,nzorenerd1@alexa.com,48.157.136.169,36,Argentina,2170,blue
bspurrierd2,Broderic,Spurrier,Male,12/12/1990,bspurrierd2@walmart.com,137.121.209.6,55,China,,red
himasond3,Harli,Imason,Female,4/30/1991,himasond3@cpanel.net,12.74.145.12,27,Madagascar,,green
tmalthusd4,Thor,Malthus,Male,9/23/1974,tmalthusd4@over-blog.com,248.82.191.130,39,Indonesia,,red
fteresid5,Fionna,Teresi,Female,4/5/1972,fteresid5@ucoz.com,196.182.159.22,42,Indonesia,,green
emcfarland6,Enriqueta,McFarlan,Female,2/4/1974,emcfarland6@wp.com,224.45.4.138,31,France,44194 CEDEX,green
jlabond7,Joycelin,Labon,Female,11/7/1977,jlabond7@linkedin.com,10.191.209.157,58,Nigeria,,red
mgreenind8,Miguelita,Greenin,Female,5/12/1981,mgreenind8@alibaba.com,202.200.217.181,26,Indonesia,,blue
bmerfind9,Betteanne,Merfin,Female,5/30/1986,bmerfind9@fema.gov,138.135.98.34,71,Indonesia,,green
nhavilleda,Ninnette,Haville,Female,11/4/1999,nhavilleda@unc.edu,61.252.115.141,85,Russia,243126,red
vinskodb,Virgil,Insko,Male,3/29/1995,vinskodb@amazon.co.uk,16.112.204.235,56,China,,red
grevelldc,Graig,Revell,Male,3/21/2000,grevelldc@amazon.com,93.248.73.180,77,South Africa,9670,blue
bcawooddd,Boone,Cawood,Male,12/7/1985,bcawooddd@hud.gov,64.88.102.146,84,Indonesia,,blue
sbussellde,Sophie,Bussell,Female,8/23/1995,sbussellde@pen.io,155.132.166.181,57,Portugal,4480-014,red
gconigsbydf,Geraldine,Conigsby,Female,5/31/1976,gconigsbydf@hugedomains.com,121.97.219.111,34,Indonesia,,blue
gblowdg,Gwenore,Blow,Female,12/30/1993,gblowdg@fema.gov,155.54.18.187,26,Iran,,green
aeskrietdh,Alon,Eskriet,Male,1/30/1980,aeskrietdh@bizjournals.com,97.205.174.224,33,Mexico,27944,green
bcruikshankdi,Benedikt,Cruikshank,Male,5/19/1979,bcruikshankdi@ovh.net,205.154.193.147,46,Poland,06-450,green
bcraisforddj,Barth,Craisford,Male,12/16/2000,bcraisforddj@dailymotion.com,152.78.195.241,23,United States,76205,blue
dvanzondk,Dennie,Van Zon,Male,1/31/1984,dvanzondk@myspace.com,112.250.100.46,69,Brazil,88000-000,red
mausellodl,Mendel,Ausello,Male,11/28/1982,mausellodl@imageshack.us,46.175.206.5,58,United States,19805,red
cmacknightdm,Chandal,MacKnight,Female,5/30/1992,cmacknightdm@home.pl,10.207.82.7,55,Japan,990-2374,blue
rtraisedn,Reggy,Traise,Male,2/9/1991,rtraisedn@wp.com,27.135.3.116,30,Ukraine,,red
dmackilroedo,Drusy,MacKilroe,Female,3/20/2002,dmackilroedo@europa.eu,30.146.12.212,71,China,,red
wbuncherdp,Wanda,Buncher,Female,1/13/1982,wbuncherdp@youtube.com,80.254.234.157,22,Thailand,93180,green
edangerfielddq,Erroll,Dangerfield,Male,9/23/1996,edangerfielddq@wired.com,182.153.75.128,44,Colombia,682027,green
hdimbylowdr,Husain,Dimbylow,Male,6/28/1984,hdimbylowdr@about.com,144.207.79.42,61,United States,33884,green
vorourkeds,Vallie,O'Rourke,Female,5/7/1997,vorourkeds@blogger.com,27.229.235.255,63,Czech Republic,273 03,red
amalcherdt,Anallise,Malcher,Female,4/28/1988,amalcherdt@studiopress.com,147.232.154.35,81,Pakistan,47951,red
lgalvandu,Lemmie,Galvan,Male,11/9/1980,lgalvandu@unicef.org,104.100.66.97,40,Japan,941-0056,blue
ddriscolldv,Dick,Driscoll,Male,6/3/1999,ddriscolldv@craigslist.org,166.3.214.202,67,Honduras,,blue
imudledw,Ive,Mudle,Male,11/9/1989,imudledw@myspace.com,54.104.249.38,18,Portugal,4785-192,red
eargabritedx,Eolande,Argabrite,Female,5/23/1986,eargabritedx@ucsd.edu,195.6.172.169,79,Poland,83-110,green
bborresdy,Byron,Borres,Male,2/5/1979,bborresdy@icq.com,133.116.55.7,33,Indonesia,,blue
cticicdz,Cindi,Ticic,Female,12/12/1971,cticicdz@weibo.com,57.90.93.242,55,China,,red
jmatyushonoke0,Juliana,Matyushonok,Female,1/4/2002,jmatyushonoke0@buzzfeed.com,202.208.7.26,18,Russia,649490,blue
mpaumiere1,Marybeth,Paumier,Female,7/9/1992,mpaumiere1@sfgate.com,216.10.226.204,41,Indonesia,,green
gbirdsalle2,Ginny,Birdsall,Female,6/16/1970,gbirdsalle2@eepurl.com,1.117.191.181,80,Canada,V1L,green
awellane3,Archibold,Wellan,Male,1/18/1999,awellane3@sitemeter.com,110.100.204.72,55,China,,red
aharcasee4,Ado,Harcase,Male,6/8/2001,aharcasee4@marriott.com,71.228.168.103,25,Russia,361424,green
dgellione5,Darren,Gellion,Male,11/14/1980,dgellione5@jiathis.com,31.253.238.216,69,Canada,V2X,red
vdebullione6,Vonni,de Bullion,Female,7/23/1999,vdebullione6@merriam-webster.com,203.144.103.87,51,France,38504 CEDEX,red
alittlefielde7,Aurlie,Littlefield,Female,4/11/1991,alittlefielde7@amazon.com,158.59.190.18,21,Czech Republic,763 11,green
srowe8,Seymour,Row,Male,3/30/1996,srowe8@technorati.com,224.170.169.71,73,Indonesia,,green
biannuzzellie9,Britt,Iannuzzelli,Male,2/22/1980,biannuzzellie9@go.com,177.17.181.10,39,Portugal,7000-062,red
madnamsea,Mella,Adnams,Female,12/8/1991,madnamsea@bluehost.com,178.81.27.13,68,Peru,,blue
tlillecropeb,Tallia,Lillecrop,Female,5/8/1998,tlillecropeb@vinaora.com,46.109.77.169,51,China,,blue
jphillpotec,Jeremy,Phillpot,Male,2/25/1993,jphillpotec@slate.com,118.158.226.87,75,Poland,32-084,green
udimitrieved,Ulrica,Dimitriev,Female,5/25/1973,udimitrieved@si.edu,214.45.213.62,33,France,72304 CEDEX,blue
mcavyee,Meggie,Cavy,Female,11/10/1982,mcavyee@cocolog-nifty.com,45.232.105.13,80,China,,green
bdixceeef,Basia,Dixcee,Female,1/19/1993,bdixceeef@artisteer.com,97.180.47.89,59,Portugal,2835-496,red
atrantereg,Arabelle,Tranter,Female,11/2/1974,atrantereg@accuweather.com,57.56.105.25,43,Sweden,269 42,green
fpailineh,Fernandina,Pailin,Female,10/31/1980,fpailineh@adobe.com,207.157.161.138,57,Honduras,,green
rbeloeei,Rose,Beloe,Female,4/10/1984,rbeloeei@loc.gov,70.101.71.144,34,China,,green
jpollinsej,Jessica,Pollins,Female,10/26/1997,jpollinsej@ft.com,249.194.88.97,24,United States,02162,red
dloveek,Dmitri,Love,Male,11/3/1977,dloveek@123-reg.co.uk,40.144.101.10,71,United States,06152,green
rellorel,Renato,Ellor,Male,8/9/1976,rellorel@howstuffworks.com,67.122.107.208,78,Brazil,38310-000,green
fmerseyem,Ferris,Mersey,Male,8/6/1975,fmerseyem@apple.com,166.45.20.147,27,Portugal,4800-198,green
htennewellen,Harcourt,Tennewell,Male,10/31/2001,htennewellen@edublogs.org,225.241.151.84,69,Poland,42-152,red
rincheo,Ricoriki,Inch,Male,10/14/1979,rincheo@vinaora.com,103.38.74.120,29,United States,06152,green
gwebbep,Gabriela,Webb,Female,11/15/1974,gwebbep@java.com,237.13.158.209,58,Venezuela,,red
eeveleigheq,Ebonee,Eveleigh,Female,2/6/1997,eeveleigheq@hhs.gov,230.104.180.202,38,Mongolia,,blue
dweatheruper,Davida,Weatherup,Female,7/6/1978,dweatheruper@printfriendly.com,38.37.33.239,68,United States,06905,blue
wandriveauxes,Waylon,Andriveaux,Male,8/27/1987,wandriveauxes@chronoengine.com,205.103.168.92,30,China,,green
gkennefordet,Gabriella,Kenneford,Female,6/2/1971,gkennefordet@qq.com,213.217.49.237,68,Slovenia,2360,red
lgiordanoeu,Lorenzo,Giordano,Male,8/28/1976,lgiordanoeu@mashable.com,240.228.213.238,32,Philippines,5002,green
apawlettev,Ailbert,Pawlett,Male,8/25/1988,apawlettev@biblegateway.com,207.38.28.216,23,Colombia,154648,green
scharlwoodew,Smith,Charlwood,Male,8/31/1990,scharlwoodew@clickbank.net,98.106.34.29,47,Indonesia,,blue
cdeaconex,Carmencita,Deacon,Female,3/16/1989,cdeaconex@devhub.com,134.122.162.192,75,Brazil,28600-000,green
choldey,Carlynne,Hold,Female,1/21/1990,choldey@icq.com,240.77.63.122,54,China,,blue
cspitellez,Carlin,Spitell,Male,4/7/1987,cspitellez@phpbb.com,175.192.87.39,67,Portugal,3610-005,green
cbarnesf0,Conan,Barnes,Male,1/8/1995,cbarnesf0@census.gov,155.46.54.249,65,Kuwait,,red
ghukinsf1,Gage,Hukins,Male,3/5/1991,ghukinsf1@intel.com,142.30.108.63,80,France,79104 CEDEX,blue
ncoarserf2,Normand,Coarser,Male,7/10/1976,ncoarserf2@reverbnation.com,251.163.18.50,60,Germany,48161,green
tcockerf3,Thomas,Cocker,Male,5/18/1972,tcockerf3@nhs.uk,231.163.215.175,24,Brazil,37900-000,green
cromef4,Carlynne,Rome,Female,10/4/2002,cromef4@youku.com,80.253.0.200,61,China,,blue
ogallihaulkf5,Ozzie,Gallihaulk,Male,9/14/1976,ogallihaulkf5@geocities.jp,231.153.208.225,45,Morocco,,green
sbeeblef6,Shayna,Beeble,Female,7/27/1977,sbeeblef6@nydailynews.com,52.198.118.92,24,Luxembourg,L-5408,green
kgowenlockf7,Karmen,Gowenlock,Female,8/7/1978,kgowenlockf7@posterous.com,53.41.231.168,18,China,,red
dhillettf8,Diana,Hillett,Female,7/14/1990,dhillettf8@intel.com,155.214.255.4,21,Israel,,red
vgorrickf9,Valene,Gorrick,Female,1/2/1994,vgorrickf9@blog.com,41.62.182.49,66,China,,blue
krowlsonfa,Kati,Rowlson,Female,2/25/1991,krowlsonfa@state.tx.us,9.235.226.175,41,China,,green
emattiessenfb,Evan,Mattiessen,Male,1/26/1990,emattiessenfb@nih.gov,89.9.14.24,71,Nicaragua,,blue
gludmannfc,Granthem,Ludmann,Male,11/22/1998,gludmannfc@sakura.ne.jp,239.142.210.189,51,Indonesia,,green
pjachtymfd,Pebrook,Jachtym,Male,11/24/1994,pjachtymfd@disqus.com,114.214.127.199,65,Portugal,2550-214,green
abourbonfe,Anatole,Bourbon,Male,9/2/1977,abourbonfe@cdbaby.com,102.225.56.171,80,Canada,H4J,blue
ploadwickff,Pooh,Loadwick,Female,11/2/1971,ploadwickff@google.cn,0.223.158.177,25,Mali,,blue
nscreasefg,Nesta,Screase,Female,12/1/1980,nscreasefg@nydailynews.com,48.163.238.61,75,Poland,14-401,green
gtrussefh,Gil,Trusse,Male,2/24/1973,gtrussefh@booking.com,19.239.166.89,46,China,,red
sditchfieldfi,Sonnie,Ditchfield,Female,10/30/1991,sditchfieldfi@nytimes.com,110.126.232.92,18,Indonesia,,green
lfincherfj,Ludwig,Fincher,Male,1/24/1980,lfincherfj@nymag.com,212.30.143.214,85,China,,red
cjedrzejewskifk,Ciel,Jedrzejewski,Female,10/28/2001,cjedrzejewskifk@tinyurl.com,5.92.9.137,70,Argentina,2240,green
tmabbuttfl,Tedie,Mabbutt,Male,9/28/1987,tmabbuttfl@hc360.com,132.244.165.237,30,Argentina,2580,blue
banselmifm,Benedicto,Anselmi,Male,7/31/1980,banselmifm@dailymail.co.uk,24.171.194.246,72,Armenia,,blue
lgorrissenfn,Leia,Gorrissen,Female,9/1/1990,lgorrissenfn@reference.com,153.103.233.210,73,Thailand,30370,green
rdenyfo,Rivkah,Deny,Female,1/14/1994,rdenyfo@imageshack.us,64.235.116.0,41,Russia,140093,red
tburnessfp,Tiphani,Burness,Female,6/8/1997,tburnessfp@dell.com,178.122.92.75,57,China,,red
rcathelfq,Rhodia,Cathel,Female,7/14/1976,rcathelfq@uiuc.edu,10.253.23.121,66,Russia,386250,green
vphillottfr,Valeria,Phillott,Female,1/3/1997,vphillottfr@amazon.co.uk,93.179.80.21,29,Japan,989-2474,blue
mshoardfs,Miriam,Shoard,Female,10/24/1988,mshoardfs@goo.ne.jp,144.28.40.42,45,Finland,25630,green
wcreeboeft,Willey,Creeboe,Male,5/9/1979,wcreeboeft@sciencedaily.com,51.231.13.167,57,Panama,,red
zmakeswellfu,Zora,Makeswell,Female,5/8/1978,zmakeswellfu@nyu.edu,111.37.99.233,50,China,,blue
wballantinefv,Wesley,Ballantine,Male,2/19/1985,wballantinefv@phpbb.com,121.57.49.16,74,Greece,,red
bkearnsfw,Benedick,Kearns,Male,4/11/1973,bkearnsfw@fema.gov,233.45.2.208,40,China,,red
dbyronfx,Dionysus,Byron,Male,11/14/2000,dbyronfx@amazon.de,74.226.216.244,58,South Africa,8445,blue
egerwoodfy,Erna,Gerwood,Female,12/21/1974,egerwoodfy@163.com,255.164.190.184,28,Kenya,,red
gfoadfz,Guthrie,Foad,Male,1/20/1975,gfoadfz@fema.gov,202.140.176.199,35,China,,red
pgiovanittig0,Pansie,Giovanitti,Female,9/11/1985,pgiovanittig0@dmoz.org,27.135.79.227,76,Poland,34-108,blue
nsowerbuttsg1,Nikki,Sowerbutts,Male,12/13/1989,nsowerbuttsg1@goodreads.com,241.124.184.59,78,Indonesia,,green
bjeandilloug2,Boyd,Jeandillou,Male,5/19/1976,bjeandilloug2@google.ca,173.215.124.79,76,Portugal,4970-585,green
odmitrovicg3,Obie,Dmitrovic,Male,2/26/1999,odmitrovicg3@loc.gov,170.248.48.6,47,Portugal,2200-463,red
erowling4,Emmaline,Rowlin,Female,8/26/1975,erowling4@imgur.com,134.140.167.102,43,Uzbekistan,,red
ucongreveg5,Ulric,Congreve,Male,8/4/1985,ucongreveg5@forbes.com,138.23.30.20,45,China,,green
bwaddoupsg6,Bill,Waddoups,Female,8/12/1983,bwaddoupsg6@jigsy.com,20.224.225.227,79,Iraq,,green
astraung7,Adara,Straun,Female,1/18/1983,astraung7@linkedin.com,208.49.147.208,26,China,,red
rgilfetherg8,Robbi,Gilfether,Female,10/9/1984,rgilfetherg8@miibeian.gov.cn,121.88.0.36,20,China,,green
ecamousg9,Elvis,Camous,Male,3/6/1985,ecamousg9@ucla.edu,110.88.148.13,78,Japan,969-1783,green
vbydawayga,Vinny,Bydaway,Female,2/22/1987,vbydawayga@cam.ac.uk,3.243.235.47,34,Indonesia,,red
cmcguggygb,Correna,McGuggy,Female,3/6/1973,cmcguggygb@kickstarter.com,149.42.162.83,27,China,,blue
myousongc,Megan,Youson,Female,9/20/1984,myousongc@independent.co.uk,196.3.208.86,40,Argentina,1870,blue
kcurtisgd,Koenraad,Curtis,Male,4/7/1979,kcurtisgd@omniture.com,27.213.19.82,48,Philippines,4513,red
kfrancescottige,Kimberli,Francescotti,Female,11/9/1982,kfrancescottige@mlb.com,98.245.81.203,61,Bosnia and Herzegovina,,red
mbathogf,Maxie,Batho,Female,3/27/1977,mbathogf@t.co,240.54.85.175,81,Honduras,,red
sslimongg,Sophronia,Slimon,Female,5/16/1999,sslimongg@godaddy.com,69.94.217.139,82,Ireland,E45,red
rsmoutengh,Rodie,Smouten,Female,2/10/1978,rsmoutengh@tripadvisor.com,141.202.121.154,21,Costa Rica,40101,red
vpomerygi,Vern,Pomery,Male,8/4/1992,vpomerygi@dailymotion.com,154.76.71.149,29,Niger,,green
lmclaughlangj,Lucias,McLaughlan,Male,12/28/1989,lmclaughlangj@nyu.edu,64.11.179.151,46,Philippines,8301,green
cnizetgk,Cthrine,Nizet,Female,3/10/1993,cnizetgk@cyberchimps.com,38.87.116.204,28,Netherlands,2304,red
lspackmangl,Lionello,Spackman,Male,3/16/1983,lspackmangl@nifty.com,196.154.25.139,23,United States,72204,green
wpiellgm,Windy,Piell,Female,10/26/1989,wpiellgm@newsvine.com,90.21.239.195,33,Netherlands,4839,green
ahawkesgn,Alfonso,Hawkes,Male,3/8/2001,ahawkesgn@aboutads.info,78.88.166.117,59,France,34299 CEDEX 5,blue
erediergo,Elene,Redier,Female,5/2/1973,erediergo@telegraph.co.uk,255.193.80.64,70,Indonesia,,blue
mcamusgp,Maynard,Camus,Male,10/22/2001,mcamusgp@ox.ac.uk,112.157.47.33,47,United States,91505,blue
tcucksongq,Teodor,Cuckson,Male,11/1/2000,tcucksongq@godaddy.com,32.44.123.224,77,Canada,E9H,blue
lshaddockgr,Layney,Shaddock,Female,9/7/1996,lshaddockgr@mozilla.org,244.70.124.34,83,China,,red
lgoudmangs,Lin,Goudman,Male,10/18/1977,lgoudmangs@com.com,252.62.60.52,73,Japan,981-0503,green
pmuffgt,Pavla,Muff,Female,10/1/1980,pmuffgt@cam.ac.uk,240.112.194.18,73,Indonesia,,green
kdiggingu,Kip,Diggin,Female,7/19/1997,kdiggingu@odnoklassniki.ru,79.70.20.154,67,Bulgaria,8542,red
lmorricegv,La verne,Morrice,Female,7/20/1974,lmorricegv@about.com,129.198.103.205,80,China,,red
flashmargw,Franny,Lashmar,Female,4/25/1990,flashmargw@tinypic.com,140.241.252.36,40,China,,green
frussogx,Fae,Russo,Female,7/30/1992,frussogx@whitehouse.gov,0.102.149.171,42,Barbados,,green
msandercockgy,Merle,Sandercock,Female,5/25/1974,msandercockgy@alexa.com,174.61.91.243,49,China,,blue
dskitterelgz,Dita,Skitterel,Female,2/24/1984,dskitterelgz@oaic.gov.au,229.206.227.58,24,South Africa,2320,red
pcavolinih0,Patti,Cavolini,Female,10/29/1997,pcavolinih0@google.com.hk,169.22.79.196,75,Indonesia,,red
ibonifanth1,Isa,Bonifant,Female,1/13/1995,ibonifanth1@ovh.net,109.161.48.149,45,Thailand,10240,green
vhanbridgeh2,Vita,Hanbridge,Female,2/12/1988,vhanbridgeh2@godaddy.com,72.136.10.199,47,Russia,186430,green
dfruenh3,Decca,Fruen,Male,7/27/2000,dfruenh3@ustream.tv,98.93.157.199,54,China,,blue
jharnettyh4,Jemmy,Harnetty,Female,6/3/1971,jharnettyh4@berkeley.edu,89.14.127.69,64,Indonesia,,green
sdavitashvilih5,Sonni,Davitashvili,Female,11/28/1991,sdavitashvilih5@hugedomains.com,15.68.54.27,47,China,,red
whopferh6,Wynn,Hopfer,Female,4/21/1993,whopferh6@ebay.com,128.68.110.248,74,China,,red
tvaughtonh7,Tillie,Vaughton,Female,7/11/1992,tvaughtonh7@google.co.uk,185.56.131.104,81,Brazil,44770-000,red
dthorburnh8,Dolorita,Thorburn,Female,9/12/2002,dthorburnh8@canalblog.com,172.121.95.66,76,Portugal,3400-498,red
wgreaterexh9,Waylen,Greaterex,Male,4/11/1978,wgreaterexh9@bizjournals.com,176.248.228.45,84,Indonesia,,green
cbatsfordha,Clea,Batsford,Female,12/28/1993,cbatsfordha@jalbum.net,11.58.151.2,66,Honduras,,blue
ariglarhb,Arron,Riglar,Male,10/1/1971,ariglarhb@tumblr.com,76.171.82.38,57,Malaysia,01630,green
ggardenerhc,Genovera,Gardener,Female,9/4/1996,ggardenerhc@typepad.com,242.59.72.54,63,Philippines,4501,blue
gjumelhd,Gretal,Jumel,Female,10/19/1995,gjumelhd@uol.com.br,143.30.6.125,68,China,,blue
amacadamhe,Aluin,MacAdam,Male,4/14/1987,amacadamhe@dailymotion.com,30.213.153.86,51,China,,blue
therrerohf,Tatiana,Herrero,Female,6/5/1980,therrerohf@columbia.edu,116.57.235.232,72,Liberia,,green
dhonschhg,Danielle,Honsch,Female,12/23/1991,dhonschhg@wp.com,85.209.170.132,23,Ukraine,,blue
btardiffhh,Berna,Tardiff,Female,11/24/1994,btardiffhh@nbcnews.com,94.32.144.10,45,South Africa,2320,green
jinglesfieldhi,Jeremy,Inglesfield,Male,8/3/1979,jinglesfieldhi@amazonaws.com,132.173.188.5,72,Iran,,green
dtennewellhj,Dale,Tennewell,Female,5/30/1991,dtennewellhj@seattletimes.com,69.107.32.4,73,China,,green
pungererhk,Pearce,Ungerer,Male,12/31/1976,pungererhk@surveymonkey.com,132.239.92.6,84,China,,blue
lgoakshl,Levey,Goaks,Male,4/6/1993,lgoakshl@blogspot.com,146.12.28.147,65,New Zealand,4183,blue
uschollhm,Ulla,Scholl,Female,11/10/2002,uschollhm@gmpg.org,201.250.134.30,34,Argentina,9105,green
jarbuckelhn,Javier,Arbuckel,Male,9/14/1974,jarbuckelhn@furl.net,65.201.204.250,78,China,,blue
gculveyho,Geri,Culvey,Female,2/2/1986,gculveyho@google.com,71.74.106.166,74,Indonesia,,green
jlucockhp,Jewell,Lucock,Female,1/6/1973,jlucockhp@behance.net,46.53.163.82,25,China,,blue
cduckerinhq,Clementia,Duckerin,Female,3/8/1983,cduckerinhq@google.com.au,131.54.122.151,30,Philippines,5410,green
jtukehr,Jude,Tuke,Male,4/12/1992,jtukehr@boston.com,62.58.244.39,65,Indonesia,,green
tmumfordhs,Terry,Mumford,Female,4/20/1973,tmumfordhs@chicagotribune.com,88.89.69.26,80,China,,green
jmatthewsonht,Josephina,Matthewson,Female,2/12/1977,jmatthewsonht@yolasite.com,19.61.44.2,26,Laos,,blue
zchipmanhu,Zilvia,Chipman,Female,7/9/1999,zchipmanhu@dion.ne.jp,39.226.4.52,47,Norway,7440,red
jbonetthv,Jermaine,Bonett,Male,9/3/1978,jbonetthv@pbs.org,26.103.186.211,56,Finland,32700,green
vshermanhw,Virgilio,Sherman,Male,10/1/1982,vshermanhw@fda.gov,208.104.130.220,63,Indonesia,,red
rbutterworthhx,Ravid,Butterworth,Male,12/14/1990,rbutterworthhx@army.mil,55.197.158.104,65,Myanmar,,green
llaceletthy,Loy,Lacelett,Male,10/30/1997,llaceletthy@vinaora.com,164.92.233.123,46,Portugal,5180-205,red
lvalentahz,Lexie,Valenta,Female,3/11/1978,lvalentahz@about.me,245.195.30.226,73,China,,blue
nferrillioi0,Netti,Ferrillio,Female,12/31/1982,nferrillioi0@buzzfeed.com,79.38.236.209,47,Thailand,25110,green
dfilovi1,Dalston,Filov,Male,7/21/1975,dfilovi1@hexun.com,2.66.176.136,63,Palestinian Territory,,green
rcotterilli2,Ruthie,Cotterill,Female,5/20/1986,rcotterilli2@chronoengine.com,153.40.159.44,44,China,,blue
wdarteri3,Wrennie,Darter,Female,1/24/1978,wdarteri3@desdev.cn,187.208.92.43,56,Spain,18005,red
eblaxlandi4,Emmanuel,Blaxland,Male,5/11/1983,eblaxlandi4@mozilla.org,102.216.168.193,85,Indonesia,,red
clevenei5,Cate,Levene,Female,9/23/2000,clevenei5@google.pl,148.135.44.196,55,Finland,91601,blue
kpyfordi6,Karita,Pyford,Female,8/6/1995,kpyfordi6@yolasite.com,101.27.157.128,58,China,,green
mbygravei7,Milt,Bygrave,Male,2/14/1991,mbygravei7@bing.com,249.135.30.252,47,China,,green
fmullinsi8,Frank,Mullins,Female,12/6/2000,fmullinsi8@angelfire.com,128.159.96.9,37,Thailand,64130,green
mgorricki9,Minny,Gorrick,Female,11/1/2001,mgorricki9@tmall.com,206.121.166.147,26,Poland,62-056,green
lmaccaugheyia,Lem,MacCaughey,Male,9/20/1996,lmaccaugheyia@netlog.com,14.94.95.219,79,China,,blue
acanetib,Alister,Canet,Male,12/11/1970,acanetib@arizona.edu,53.70.252.37,81,Poland,96-206,green
sessexic,Sylvan,Essex,Male,10/3/1988,sessexic@bandcamp.com,96.37.206.168,43,Bulgaria,2137,green
pbeaufoyid,Paco,Beaufoy,Male,10/23/1975,pbeaufoyid@goo.gl,49.119.131.243,23,Peru,,blue
vhandie,Van,Hand,Male,3/26/1974,vhandie@instagram.com,83.45.24.51,27,Italy,16157,red
dstavesif,Donnie,Staves,Female,5/6/1999,dstavesif@alexa.com,175.78.24.237,68,Finland,47520,green
gmacdonellig,Gav,MacDonell,Male,7/24/1988,gmacdonellig@globo.com,58.208.145.233,50,Uruguay,,red
sstollenbeckerih,Sarena,Stollenbecker,Female,9/27/1991,sstollenbeckerih@princeton.edu,231.191.14.30,60,Mexico,29020,red
lphilipponii,Levey,Philippon,Male,8/7/1984,lphilipponii@independent.co.uk,83.237.122.109,44,United States,32575,green
mtoghillij,Mic,Toghill,Male,3/15/1993,mtoghillij@ehow.com,115.67.105.127,22,Japan,729-0141,blue
mgudgeik,Meade,Gudge,Female,12/18/1982,mgudgeik@examiner.com,135.3.84.146,39,Brazil,65715-000,green
sosbournil,Shurlocke,Osbourn,Male,12/24/1982,sosbournil@apple.com,6.18.140.4,56,Portugal,2815-625,green
mraybouldim,Marris,Raybould,Female,4/29/1981,mraybouldim@google.ca,118.116.176.192,78,South Africa,2389,blue
mklimentyevin,Mahmoud,Klimentyev,Male,5/23/1982,mklimentyevin@unc.edu,225.136.189.38,76,Colombia,250247,green
ploudyanio,Pasquale,Loudyan,Male,5/7/1991,ploudyanio@aol.com,59.62.81.106,43,China,,green
dmoodieip,Dory,Moodie,Male,1/28/2000,dmoodieip@livejournal.com,156.77.64.19,79,Colombia,253027,green
sbroadleyiq,Sergio,Broadley,Male,9/9/1992,sbroadleyiq@yandex.ru,125.70.29.249,61,Poland,43-245,red
pcaplanir,Patty,Caplan,Female,10/24/1996,pcaplanir@1688.com,108.27.237.61,52,Indonesia,,red
ngoddingis,Nichol,Godding,Female,8/10/1973,ngoddingis@jiathis.com,156.175.235.252,52,Sweden,264 80,red
sskeyit,Sven,Skey,Male,9/16/1983,sskeyit@theatlantic.com,212.79.72.123,58,China,,blue
sstibbsiu,Shina,Stibbs,Female,6/9/1972,sstibbsiu@myspace.com,47.115.7.137,77,Russia,397743,green
gpiesoldiv,Gusti,Piesold,Female,8/2/1994,gpiesoldiv@moonfruit.com,61.199.201.52,66,Mexico,88925,red
ebradnockeiw,Eveleen,Bradnocke,Female,7/19/1971,ebradnockeiw@wired.com,46.165.149.139,56,Peru,,red
scabaneix,Sanson,Cabane,Male,10/24/1996,scabaneix@blinklist.com,21.191.72.229,18,China,,green
dwayiy,Darcie,Way,Female,9/15/2001,dwayiy@gravatar.com,97.172.163.100,53,Finland,38601,green
ntarquiniiz,Neille,Tarquini,Female,2/11/1982,ntarquiniiz@sun.com,247.217.241.9,28,Uganda,,blue
atunnochj0,Adelice,Tunnoch,Female,10/28/1999,atunnochj0@sohu.com,115.24.29.120,45,Czech Republic,569 04,green
rjansikj1,Rickie,Jansik,Male,1/2/1987,rjansikj1@cbc.ca,249.10.18.136,59,United States,72215,green
agaulej2,Averill,Gaule,Male,1/11/1984,agaulej2@sogou.com,24.127.14.132,79,El Salvador,,red
leveryj3,Laney,Every,Male,9/20/1996,leveryj3@ox.ac.uk,234.233.47.94,47,China,,green
mfendj4,Merrile,Fend,Female,10/24/1986,mfendj4@shutterfly.com,165.44.123.22,42,Philippines,8421,red
wmcneillj5,Weidar,McNeill,Male,3/28/1970,wmcneillj5@fastcompany.com,38.246.166.17,64,Portugal,4990-565,green
clardezj6,Cami,Lardez,Female,1/2/1981,clardezj6@indiatimes.com,186.38.252.44,33,China,,green
nburnyatej7,Nissie,Burnyate,Female,1/24/1976,nburnyatej7@eepurl.com,213.96.163.202,19,China,,green
pbaccusj8,Philly,Baccus,Female,12/8/1981,pbaccusj8@surveymonkey.com,18.85.55.87,27,Finland,83501,blue
nmitskevichj9,Nico,Mitskevich,Male,8/11/1980,nmitskevichj9@behance.net,156.75.99.88,37,Iran,,green
dcowgillja,Dode,Cowgill,Female,11/10/1980,dcowgillja@vimeo.com,216.241.0.14,62,Thailand,31000,blue
wyansonjb,Washington,Yanson,Male,8/9/1989,wyansonjb@chronoengine.com,178.164.194.95,34,Botswana,,green
sharringtonjc,Suzi,Harrington,Female,2/5/1997,sharringtonjc@google.com,15.202.36.38,49,Bahrain,,red
naddionisiojd,Nerte,Addionisio,Female,9/21/1983,naddionisiojd@sbwire.com,204.2.138.213,23,China,,blue
tvoasje,Traver,Voas,Male,11/26/1980,tvoasje@clickbank.net,231.93.182.72,67,Pakistan,79051,blue
ccouchmanjf,Caryl,Couchman,Female,11/19/1977,ccouchmanjf@apple.com,230.70.139.11,53,Canada,L8N,blue
dlaisterjg,Dorey,Laister,Female,2/3/2002,dlaisterjg@artisteer.com,28.38.140.73,28,France,24053 CEDEX,green
dcanizaresjh,Dyanna,Canizares,Female,12/5/1982,dcanizaresjh@apple.com,187.14.91.48,76,Greece,,blue
cshearerji,Cher,Shearer,Female,10/21/1975,cshearerji@example.com,228.159.32.86,48,Palestinian Territory,,green
bdemorenojj,Bertrand,De Moreno,Male,6/25/1975,bdemorenojj@eepurl.com,224.41.37.24,31,Indonesia,,green
dunderwoodjk,Dud,Underwood,Male,4/8/1984,dunderwoodjk@hostgator.com,50.182.255.200,21,China,,blue
bscraneyjl,Bar,Scraney,Male,2/17/1983,bscraneyjl@google.ru,70.2.200.214,71,Ukraine,,blue
dkensittjm,Dorise,Kensitt,Female,4/29/1981,dkensittjm@nytimes.com,160.92.4.177,45,China,,blue
gtwidalejn,Gennie,Twidale,Female,4/2/1988,gtwidalejn@google.pl,35.5.19.65,65,Guatemala,22016,blue
hoxboroughjo,Horton,Oxborough,Male,12/21/1976,hoxboroughjo@google.es,63.72.96.199,83,Philippines,1060,red
dbamfordjp,Dyan,Bamford,Female,4/5/1974,dbamfordjp@lycos.com,22.193.195.177,75,Sri Lanka,32000,green
lelfittjq,Lorin,Elfitt,Male,5/29/2001,lelfittjq@arizona.edu,174.189.171.121,21,Poland,37-522,red
kbetteneyjr,Kipp,Betteney,Male,12/30/1994,kbetteneyjr@techcrunch.com,128.40.139.172,69,Pakistan,70211,red
ojeweljs,Orton,Jewel,Male,1/24/1992,ojeweljs@shareasale.com,20.141.210.241,59,Portugal,4620-400,blue
kculliganjt,Kelley,Culligan,Male,6/24/1973,kculliganjt@wikimedia.org,185.27.107.50,49,Sweden,342 80,green
vrueggju,Vergil,Ruegg,Male,8/29/2001,vrueggju@netvibes.com,92.197.185.145,45,China,,red
kbucklerjv,Kare,Buckler,Female,2/27/1977,kbucklerjv@dot.gov,121.221.227.246,19,South Africa,5630,blue
kcatlingjw,Kalila,Catling,Female,7/10/1981,kcatlingjw@pagesperso-orange.fr,15.3.200.230,22,Indonesia,,green
gminghettijx,Goddard,Minghetti,Male,8/15/1977,gminghettijx@twitpic.com,24.201.68.145,79,Indonesia,,blue
amclellanjy,Addy,McLellan,Male,12/19/1987,amclellanjy@bizjournals.com,23.81.140.23,25,Italy,84135,red
jtobyjz,Jenn,Toby,Female,3/6/1999,jtobyjz@oracle.com,184.190.32.17,45,Sweden,100 73,blue
lmcgeechank0,Lauretta,McGeechan,Female,8/29/1995,lmcgeechank0@pinterest.com,91.199.52.213,20,Russia,142145,blue
vblanketk1,Viviene,Blanket,Female,6/15/1972,vblanketk1@techcrunch.com,232.65.117.218,39,Russia,216646,red
hpetzk2,Horten,Petz,Male,1/6/1996,hpetzk2@flavors.me,68.115.251.229,77,Syria,,blue
mbarfittk3,Minnaminnie,Barfitt,Female,5/5/1980,mbarfittk3@icq.com,97.25.140.74,44,Portugal,9680-105,blue
aquartlyk4,Ariana,Quartly,Female,2/12/1998,aquartlyk4@miitbeian.gov.cn,145.187.191.211,66,Finland,21140,green
aschankelborgk5,Annadiane,Schankelborg,Female,7/14/1978,aschankelborgk5@dmoz.org,56.233.126.131,50,Brazil,35195-000,blue
akellenk6,Aveline,Kellen,Female,7/22/1980,akellenk6@economist.com,174.156.209.49,30,France,30006 CEDEX 4,red
ebrookesk7,Elita,Brookes,Female,7/1/1985,ebrookesk7@squarespace.com,15.206.129.215,53,Indonesia,,red
tellinsk8,Tucker,Ellins,Male,1/13/1980,tellinsk8@reuters.com,118.250.63.252,45,Slovenia,1241,blue
pdriversk9,Phylis,Drivers,Female,5/29/1975,pdriversk9@sphinn.com,192.185.36.206,58,Colombia,111831,green
vdemangeonka,Vladimir,Demangeon,Male,1/9/1971,vdemangeonka@gov.uk,20.253.135.228,69,Brazil,13350-000,blue
bbascombkb,Bella,Bascomb,Female,1/29/1988,bbascombkb@people.com.cn,172.244.189.85,70,Tajikistan,,green
rhoulsonkc,Rivy,Houlson,Female,10/24/2000,rhoulsonkc@businessinsider.com,119.141.67.60,26,China,,green
stayekd,Shepperd,Taye,Male,11/22/1982,stayekd@abc.net.au,48.17.50.200,36,Philippines,2718,blue
pmchaleke,Phillipp,McHale,Male,9/27/1982,pmchaleke@google.it,174.46.87.36,37,Portugal,2425-254,green
fronchettikf,Florri,Ronchetti,Female,3/5/1981,fronchettikf@amazon.co.uk,138.233.211.142,79,Uzbekistan,,red
bgardkg,Bobby,Gard,Male,9/22/1985,bgardkg@miibeian.gov.cn,144.60.212.229,53,Mongolia,,blue
acarluccikh,Abram,Carlucci,Male,4/25/1975,acarluccikh@mtv.com,198.250.172.129,40,Uruguay,,blue
cclendinningki,Cornelle,Clendinning,Female,10/24/1998,cclendinningki@webeden.co.uk,42.97.16.180,57,China,,green
dmogeykj,Della,Mogey,Female,10/7/1977,dmogeykj@gov.uk,184.252.121.82,22,Russia,659391,blue
etallowkk,Errick,Tallow,Male,5/3/1982,etallowkk@hugedomains.com,106.1.161.191,69,Argentina,3474,red
atrussellkl,Arnuad,Trussell,Male,12/31/1998,atrussellkl@marriott.com,125.87.142.134,22,South Africa,5127,green
drizziellokm,Dottie,Rizziello,Female,3/13/1993,drizziellokm@gravatar.com,170.102.152.105,58,China,,red
anervalkn,Axe,Nerval,Male,10/16/1993,anervalkn@flickr.com,76.145.221.179,76,Poland,37-220,red
scrocketko,Sax,Crocket,Male,2/7/1973,scrocketko@salon.com,191.155.213.171,83,China,,blue
rsheddankp,Rachel,Sheddan,Female,10/5/1970,rsheddankp@loc.gov,30.201.148.202,43,Dominican Republic,11511,blue
bfairpokq,Ban,Fairpo,Male,3/13/1980,bfairpokq@uiuc.edu,28.244.113.28,22,Indonesia,,blue
cdeinhardkr,Christophorus,Deinhard,Male,9/14/1991,cdeinhardkr@state.gov,79.211.45.134,72,China,,red
gmichelinks,Godard,Michelin,Male,6/9/1976,gmichelinks@topsy.com,10.72.224.183,20,Finland,32801,blue
adanitkt,Aldridge,Danit,Male,3/10/1980,adanitkt@yelp.com,170.227.12.14,77,Indonesia,,red
bvonoertzenku,Baxie,Von Oertzen,Male,1/4/1999,bvonoertzenku@irs.gov,68.158.233.137,39,China,,green
civanetskv,Cristal,Ivanets,Female,7/16/1972,civanetskv@cornell.edu,201.224.250.88,80,China,,green
ysorbykw,Yorgo,Sorby,Male,4/10/1994,ysorbykw@marriott.com,254.144.67.29,35,Somalia,,red
mpaynekx,Maje,Payne,Male,12/21/1997,mpaynekx@google.ca,170.199.178.12,53,Indonesia,,green
hplasterky,Hugh,Plaster,Male,12/5/1972,hplasterky@wix.com,148.23.155.23,80,Albania,,green
dfadiankz,Donica,Fadian,Female,10/22/1983,dfadiankz@wikispaces.com,181.167.137.226,36,Zambia,,red
nsnoddenl0,Noelani,Snodden,Female,1/25/1983,nsnoddenl0@google.com.br,192.152.64.210,37,Indonesia,,blue
cberefordl1,Connor,Bereford,Male,8/22/1994,cberefordl1@ifeng.com,4.66.245.53,67,Portugal,5155-749,blue
gkleiserl2,Glen,Kleiser,Male,5/4/1971,gkleiserl2@omniture.com,76.112.249.123,32,Macedonia,1430,blue
wbolloml3,Willow,Bollom,Female,3/31/1998,wbolloml3@meetup.com,46.20.9.93,19,Poland,64-810,blue
arobeconl4,Alina,Robecon,Female,6/23/1984,arobeconl4@harvard.edu,0.120.11.83,60,Italy,98157,red
avickermanl5,Antoine,Vickerman,Male,5/10/1997,avickermanl5@alexa.com,69.235.160.76,54,Cocos Islands,,blue
mmoinel6,Miriam,Moine,Female,12/24/1997,mmoinel6@vistaprint.com,57.96.151.100,25,Russia,442519,blue
rskoughl7,Rossie,Skough,Male,1/23/2000,rskoughl7@topsy.com,190.127.133.186,77,China,,blue
mdumkel8,Malcolm,Dumke,Male,5/16/1993,mdumkel8@cargocollective.com,219.15.164.120,63,Papua New Guinea,,red
pbristowel9,Peggi,Bristowe,Female,4/29/1979,pbristowel9@cisco.com,55.16.232.48,80,Indonesia,,red
lledstonela,Leonard,Ledstone,Male,11/12/1990,lledstonela@chron.com,171.135.56.249,70,Brazil,76630-000,green
nnetleylb,Norby,Netley,Male,9/19/1985,nnetleylb@thetimes.co.uk,169.172.208.230,42,Czech Republic,384 86,blue
kcawleylc,Katya,Cawley,Female,6/20/1991,kcawleylc@unicef.org,12.162.219.237,47,United States,23504,red
meagellld,Michele,Eagell,Male,11/11/1995,meagellld@youtube.com,81.247.186.70,60,China,,red
dmonteauxle,Donnie,Monteaux,Female,11/26/1983,dmonteauxle@weibo.com,140.193.107.157,51,Morocco,,green
rbasticklf,Roman,Bastick,Male,12/2/1986,rbasticklf@mapy.cz,190.139.34.249,84,China,,green
emurriganslg,Elysee,Murrigans,Female,9/1/1977,emurriganslg@hostgator.com,193.252.230.117,27,Indonesia,,blue
ameachemlh,Antons,Meachem,Male,8/21/2001,ameachemlh@dell.com,175.217.51.65,26,France,62222 CEDEX,green
hziemli,Hildagard,Ziem,Female,1/24/1979,hziemli@scribd.com,139.64.186.62,42,Indonesia,,red
sblazewiczlj,Shalom,Blazewicz,Male,5/5/1998,sblazewiczlj@indiegogo.com,245.78.57.45,44,Philippines,7039,blue
vcavalierlk,Vevay,Cavalier,Female,5/29/1996,vcavalierlk@alexa.com,120.38.19.22,57,Indonesia,,blue
msallingsll,Maximo,Sallings,Male,5/15/1971,msallingsll@mtv.com,13.232.84.120,77,Chile,,red
jcoginlm,Jude,Cogin,Male,4/12/1980,jcoginlm@shutterfly.com,231.58.216.170,53,Switzerland,4055,red
rhightonln,Robbie,Highton,Female,5/13/1984,rhightonln@loc.gov,45.241.38.240,27,Bulgaria,4219,red
kregenhardtlo,Kalie,Regenhardt,Female,6/1/1999,kregenhardtlo@china.com.cn,177.197.246.152,32,Poland,42-141,green
tbottomerlp,Twila,Bottomer,Female,11/9/1995,tbottomerlp@cargocollective.com,63.97.177.149,39,Philippines,4213,green
jdatonlq,Justina,Daton,Female,2/25/1990,jdatonlq@devhub.com,201.221.246.189,48,Indonesia,,green
ggreystokelr,Garrett,Greystoke,Male,1/29/1974,ggreystokelr@odnoklassniki.ru,206.61.34.197,82,Thailand,21130,red
gpacquetls,Gale,Pacquet,Male,10/19/1992,gpacquetls@acquirethisname.com,194.181.17.126,31,Brazil,98400-000,red
cwickenslt,Carlin,Wickens,Male,4/12/1999,cwickenslt@pen.io,83.34.220.201,51,Russia,171439,blue
gcoultasslu,Grant,Coultass,Male,1/2/1978,gcoultasslu@desdev.cn,142.121.180.123,19,Russia,396458,red
fdelealv,Filberto,Delea,Male,1/7/1990,fdelealv@cdbaby.com,23.223.76.58,31,Sweden,456 42,red
sbeyerlw,Sherrie,Beyer,Female,4/18/1987,sbeyerlw@bloglovin.com,172.2.236.218,42,China,,red
orayworthlx,Ogden,Rayworth,Male,12/11/1998,orayworthlx@wikia.com,72.46.64.178,56,Philippines,5412,green
fblakely,Faun,Blake,Female,3/25/1996,fblakely@dropbox.com,183.67.136.163,61,China,,red
dtchaikovskylz,Debee,Tchaikovsky,Female,3/8/1996,dtchaikovskylz@amazon.de,175.78.17.175,37,China,,green
lorvism0,Luisa,Orvis,Female,3/30/1984,lorvism0@hatena.ne.jp,12.175.171.242,23,France,94631 CEDEX 1,red
tstoneym1,Teddy,Stoney,Male,7/8/2000,tstoneym1@engadget.com,221.189.1.70,73,China,,green
bpaolazzim2,Brandyn,Paolazzi,Male,11/16/1977,bpaolazzim2@usgs.gov,229.209.190.207,38,China,,blue
nofihilym3,Natal,O'Fihily,Male,8/10/1976,nofihilym3@jugem.jp,103.62.137.107,31,Indonesia,,red
mgirardettim4,Merissa,Girardetti,Female,5/31/1991,mgirardettim4@google.co.jp,12.206.216.153,54,China,,red
kcrocumbem5,Kim,Crocumbe,Male,5/4/1981,kcrocumbem5@spotify.com,214.28.120.199,24,Croatia,32272,blue
dbirdseym6,Dieter,Birdsey,Male,7/30/1983,dbirdseym6@deviantart.com,8.207.145.185,71,China,,red
jhoverm7,Jessalyn,Hover,Female,12/31/1988,jhoverm7@google.es,95.214.204.135,22,United States,37416,green
lpolesm8,Lamond,Poles,Male,7/20/1995,lpolesm8@va.gov,172.189.17.105,81,Ethiopia,,red
grugierim9,Greta,Rugieri,Female,7/29/1988,grugierim9@tripadvisor.com,24.214.132.248,55,France,19204 CEDEX,blue
adroghanma,Aloin,Droghan,Male,9/24/1974,adroghanma@indiegogo.com,251.244.166.235,72,China,,blue
hcharrissonmb,Heidi,Charrisson,Female,6/29/1999,hcharrissonmb@bravesites.com,106.237.59.45,64,France,80146 CEDEX,red
jdianomc,Jared,Diano,Male,6/8/1983,jdianomc@yolasite.com,194.233.135.226,31,China,,blue
xogeaneymd,Xerxes,O'Geaney,Male,9/25/1972,xogeaneymd@lycos.com,191.94.88.206,69,Canada,J7G,blue
jklewerme,Jessika,Klewer,Female,12/7/1981,jklewerme@cbsnews.com,123.130.204.153,20,Sweden,791 55,red
npontemf,Nyssa,Ponte,Female,12/31/1984,npontemf@hibu.com,230.185.159.75,64,Malaysia,90705,blue
jgordonmg,Johan,Gordon,Male,8/26/1986,jgordonmg@youku.com,175.83.146.77,28,South Africa,3081,red
sgraynemh,Silvester,Grayne,Male,1/2/1982,sgraynemh@mayoclinic.com,72.162.147.34,29,Philippines,4201,blue
egarstanmi,Elizabeth,Garstan,Female,9/24/1993,egarstanmi@drupal.org,72.42.182.95,48,Philippines,4408,red
bmillandmj,Brenda,Milland,Female,11/5/1973,bmillandmj@discovery.com,72.106.55.147,48,Indonesia,,blue
smcfeatemk,Stillman,McFeate,Male,12/16/1981,smcfeatemk@timesonline.co.uk,72.14.15.47,55,Poland,11-030,blue
tarletml,Trace,Arlet,Male,10/14/1986,tarletml@state.gov,125.135.56.8,23,Pakistan,61200,red
mvoelkermm,Maura,Voelker,Female,4/24/1996,mvoelkermm@cafepress.com,205.115.56.185,70,Colombia,662007,red
rlindstedtmn,Ravi,Lindstedt,Male,4/14/2000,rlindstedtmn@i2i.jp,86.238.139.32,71,China,,green
knolotmo,Kattie,Nolot,Female,4/27/1988,knolotmo@sitemeter.com,22.73.117.213,74,Canada,P3Y,blue
tiglesiasmp,Trent,Iglesias,Male,12/14/1990,tiglesiasmp@storify.com,3.238.151.211,28,Ireland,T56,blue
abaymanmq,Aldo,Bayman,Male,5/13/1986,abaymanmq@home.pl,150.189.215.56,37,China,,blue
roxbrowmr,Reine,Oxbrow,Female,4/1/1973,roxbrowmr@google.nl,20.69.154.229,28,Myanmar,,green
ccardonms,Clywd,Cardon,Male,10/8/1973,ccardonms@sohu.com,169.167.202.156,55,China,,green
rsperlingmt,Rabbi,Sperling,Male,3/4/1974,rsperlingmt@independent.co.uk,162.129.78.134,71,China,,red
raizikmu,Renae,Aizik,Female,8/19/1994,raizikmu@harvard.edu,76.60.137.198,49,China,,green
iholmesmv,Ilka,holmes,Female,10/7/1970,iholmesmv@nhs.uk,15.97.24.132,33,China,,blue
ddenchmw,Drucill,Dench,Female,10/2/1998,ddenchmw@usnews.com,158.96.21.176,28,France,85923 CEDEX 9,blue
jmurfettmx,Jordan,Murfett,Female,11/17/2001,jmurfettmx@cbsnews.com,245.20.109.124,83,Poland,84-218,red
cpetowmy,Cobby,Petow,Male,4/8/1992,cpetowmy@gmpg.org,91.111.166.38,30,China,,green
ckirtlandmz,Codee,Kirtland,Female,11/6/1973,ckirtlandmz@goo.ne.jp,187.203.246.96,75,Indonesia,,blue
rclemmensn0,Rory,Clemmens,Female,7/2/2002,rclemmensn0@alibaba.com,34.21.154.24,36,Libya,,red
egeeren1,Edgard,Geere,Male,5/6/1981,egeeren1@phpbb.com,149.159.214.38,47,Sweden,111 27,green
efishlockn2,Ezra,Fishlock,Male,5/1/1995,efishlockn2@lycos.com,174.54.93.255,27,France,86020 CEDEX,green
lcresern3,Leanora,Creser,Female,5/5/1999,lcresern3@people.com.cn,200.55.210.180,63,Malaysia,97010,blue
bcaronn4,Barbabra,Caron,Female,8/23/1975,bcaronn4@photobucket.com,179.152.33.163,23,Poland,28-160,green
sbellewn5,Sybil,Bellew,Female,6/17/1999,sbellewn5@elpais.com,172.147.192.192,36,Dominican Republic,11512,blue
cskaten6,Colin,Skate,Male,5/14/1989,cskaten6@4shared.com,124.71.242.145,47,Thailand,93170,green
socarrann7,Sabine,O'Carran,Female,5/7/1986,socarrann7@whitehouse.gov,244.31.141.40,66,United States,11470,green
rklimkovn8,Rebeca,Klimkov,Female,11/17/1978,rklimkovn8@shop-pro.jp,69.114.142.69,79,China,,red
dbeetn9,Darrell,Beet,Male,7/25/1972,dbeetn9@photobucket.com,176.119.184.220,36,Russia,665259,green
hstallworthna,Hunt,Stallworth,Male,9/14/2000,hstallworthna@alexa.com,131.47.4.56,43,Japan,377-0816,red
gbodycombenb,Gray,Bodycombe,Female,5/19/1991,gbodycombenb@fastcompany.com,50.110.183.248,77,China,,blue
cpittocknc,Chrissie,Pittock,Male,9/5/1974,cpittocknc@samsung.com,185.115.22.79,42,China,,red
nhawknd,Neila,Hawk,Female,2/27/1996,nhawknd@instagram.com,250.241.68.252,37,China,,green
cmintonne,Constantin,Minton,Male,6/3/1978,cmintonne@comsenz.com,91.134.126.53,19,Mauritius,,red
bmcdyernf,Brunhilda,McDyer,Female,12/28/1982,bmcdyernf@amazon.com,26.164.239.116,59,Philippines,2302,green
sredierng,Sol,Redier,Male,2/4/1983,sredierng@w3.org,63.147.200.25,83,Peru,,red
swithurnh,Simon,Withur,Male,9/7/1983,swithurnh@hostgator.com,88.233.127.175,58,Philippines,2016,red
ctompsettni,Constantine,Tompsett,Male,2/18/1974,ctompsettni@usda.gov,179.133.234.242,23,Philippines,2437,green
tdewintonnj,Therine,De Winton,Female,6/18/2000,tdewintonnj@wisc.edu,17.139.251.196,40,China,,blue
ttreadgallnk,Tony,Treadgall,Female,10/30/1981,ttreadgallnk@cloudflare.com,137.33.201.96,60,Canada,N4W,green
cgillbeenl,Conn,Gillbee,Male,3/25/1972,cgillbeenl@youtube.com,112.168.145.167,50,Czech Republic,506 01,red
kteazenm,Kylynn,Teaze,Female,9/14/1985,kteazenm@gov.uk,197.151.24.203,18,Netherlands,3439,blue
rpervewnn,Ruby,Pervew,Male,5/31/1983,rpervewnn@gizmodo.com,164.249.171.247,43,Philippines,6711,blue
hgreceno,Hermine,Grece,Female,1/20/1979,hgreceno@yelp.com,22.162.45.75,58,Sweden,135 55,green
esnownp,Ethelyn,Snow,Female,3/28/2001,esnownp@clickbank.net,148.181.36.85,85,Indonesia,,red
vfitzernq,Victor,Fitzer,Male,4/20/1984,vfitzernq@cpanel.net,207.134.240.255,68,Indonesia,,blue
scurchernr,Suzie,Curcher,Female,12/31/1975,scurchernr@rambler.ru,152.155.34.80,49,Portugal,2630-505,red
ccotthamns,Christean,Cottham,Female,11/21/1970,ccotthamns@amazon.com,87.197.118.251,26,Mauritius,,red
hthornhillnt,Hannah,Thornhill,Female,2/13/1972,hthornhillnt@uiuc.edu,0.56.171.123,62,United States,19191,green
kirnysnu,Keven,Irnys,Male,4/5/1972,kirnysnu@yellowpages.com,76.136.75.177,67,Bulgaria,9272,green
dtowrissnv,Dayle,Towriss,Female,12/5/1998,dtowrissnv@fema.gov,138.56.22.217,47,Ireland,A86,green
adeackesnw,Agnese,Deackes,Female,4/29/2001,adeackesnw@ox.ac.uk,239.121.110.203,48,Indonesia,,blue
sbenardeaunx,Shauna,Benardeau,Female,11/8/1983,sbenardeaunx@wordpress.org,128.186.226.217,51,North Korea,,green
ematelaitisny,Ellene,Matelaitis,Female,3/9/1986,ematelaitisny@epa.gov,79.30.89.171,35,South Korea,,red
aduffienz,Alverta,Duffie,Female,3/30/1994,aduffienz@hibu.com,140.227.52.23,20,Serbia,,green
hbodimeadeo0,Hinze,Bodimeade,Male,3/29/1975,hbodimeadeo0@sbwire.com,41.197.42.221,39,Indonesia,,blue
bhalwoodo1,Barbabra,Halwood,Female,1/10/1971,bhalwoodo1@disqus.com,87.109.58.195,79,Philippines,2712,green
eweatherbyo2,Eustacia,Weatherby,Female,2/7/1972,eweatherbyo2@ucsd.edu,247.201.28.121,22,United States,75210,green
apaino3,Alex,Pain,Female,8/21/1985,apaino3@sphinn.com,238.24.249.156,55,Indonesia,,blue
pdupreyo4,Pauletta,Duprey,Female,8/22/1973,pdupreyo4@pcworld.com,170.250.112.15,65,Slovenia,2235,blue
agleadero5,Annecorinne,Gleader,Female,11/23/1979,agleadero5@msu.edu,20.195.118.38,22,Finland,91501,blue
pmartinyuko6,Pauletta,Martinyuk,Female,1/22/2002,pmartinyuko6@msu.edu,183.128.67.206,33,Colombia,082028,blue
msouthbyo7,Margie,Southby,Female,11/20/1981,msouthbyo7@hc360.com,61.63.153.209,72,El Salvador,,green
ebuttfieldo8,Elden,Buttfield,Male,7/14/1999,ebuttfieldo8@wiley.com,195.70.171.111,40,Vietnam,,green
hnutto9,Haley,Nutt,Male,2/24/1973,hnutto9@china.com.cn,213.89.165.144,85,Poland,34-330,blue
anindoa,Ash,Nind,Male,2/28/1987,anindoa@msn.com,54.145.109.161,35,Russia,646914,green
nimlackeob,Neille,Imlacke,Female,8/24/1986,nimlackeob@salon.com,231.14.167.86,68,Portugal,3400-696,red
ehopkinsoc,Emerson,Hopkins,Male,11/19/1977,ehopkinsoc@slate.com,249.255.221.212,34,Peru,,red
rhainsworthod,Rozanna,Hainsworth,Female,5/18/1997,rhainsworthod@wiley.com,77.46.168.19,67,Sweden,724 63,green
pdinnisoe,Petunia,Dinnis,Female,8/18/1978,pdinnisoe@yahoo.co.jp,250.183.12.99,40,Central African Republic,,red
rfriedlosof,Ruthie,Friedlos,Female,10/25/1983,rfriedlosof@qq.com,76.38.216.60,28,China,,red
gmcalindenog,Giustino,McAlinden,Male,5/27/1982,gmcalindenog@usda.gov,101.230.112.243,72,Poland,32-447,green
yayarsoh,Yehudit,Ayars,Male,10/24/1997,yayarsoh@xing.com,208.206.246.60,32,Indonesia,,red
iplyoi,Ike,Ply,Male,1/2/1974,iplyoi@dion.ne.jp,218.124.40.200,27,China,,green
arosenbergoj,Audy,Rosenberg,Female,8/30/1998,arosenbergoj@phpbb.com,187.89.16.103,47,Gambia,,red
alambournok,Arlette,Lambourn,Female,7/4/1993,alambournok@ft.com,243.167.146.187,48,Ukraine,,red
cakriggol,Carly,Akrigg,Female,4/14/1994,cakriggol@wikia.com,182.76.102.153,22,Indonesia,,green
adanburyom,Abram,Danbury,Male,10/22/1984,adanburyom@bravesites.com,115.6.26.243,55,China,,red
nstoreyon,Noreen,Storey,Female,12/26/1993,nstoreyon@istockphoto.com,178.209.47.100,56,Bulgaria,5179,blue
hfenelonoo,Hestia,Fenelon,Female,7/18/1984,hfenelonoo@yellowpages.com,156.42.37.192,59,Czech Republic,788 15,blue
yviallop,Yurik,Viall,Male,9/10/1985,yviallop@wikipedia.org,209.98.184.95,59,Belarus,,red
akwiekoq,Ashton,Kwiek,Male,2/15/1989,akwiekoq@wikia.com,248.232.53.244,57,Philippines,6415,blue
scranmereor,Salomone,Cranmere,Male,11/3/1971,scranmereor@pagesperso-orange.fr,18.135.2.245,38,Russia,356254,green
btreadgallos,Bonny,Treadgall,Female,3/12/1983,btreadgallos@nydailynews.com,95.75.153.215,19,Japan,574-0072,red
scarnilianot,Sula,Carnilian,Female,12/12/1994,scarnilianot@europa.eu,148.110.183.203,78,Armenia,,red
cfynnou,Charissa,Fynn,Female,9/9/1996,cfynnou@cloudflare.com,253.5.106.12,42,China,,green
jgovettov,Jeramey,Govett,Male,9/4/1982,jgovettov@irs.gov,182.229.164.2,36,Palestinian Territory,,red
wmartynkaow,Webb,Martynka,Male,3/26/1994,wmartynkaow@infoseek.co.jp,57.244.141.106,20,United States,71115,blue
tluxfordox,Toby,Luxford,Female,7/19/1979,tluxfordox@artisteer.com,104.5.115.71,61,Brazil,86600-000,blue
jhaythorneoy,Jessey,Haythorne,Male,4/10/1991,jhaythorneoy@washington.edu,109.17.118.212,19,Russia,613310,blue
obidderoz,Ollie,Bidder,Male,9/24/1989,obidderoz@soup.io,193.214.196.171,84,Indonesia,,green
pspaldinp0,Patin,Spaldin,Male,2/25/1976,pspaldinp0@msn.com,58.167.192.72,34,China,,red
hgilbertp1,Halley,Gilbert,Female,6/25/1987,hgilbertp1@marriott.com,71.25.142.193,51,South Africa,8701,green
amooreedp2,Archambault,Mooreed,Male,12/7/2001,amooreedp2@youku.com,70.155.184.135,28,United States,25326,red
gclaricoatesp3,Granny,Claricoates,Male,1/13/1981,gclaricoatesp3@businessinsider.com,226.245.214.135,18,Ethiopia,,blue
lgierckp4,Lou,Gierck,Female,7/19/1996,lgierckp4@seattletimes.com,216.166.251.65,46,China,,red
amarikhinp5,Allan,Marikhin,Male,2/28/1990,amarikhinp5@wiley.com,3.195.239.49,52,Indonesia,,blue
dbaldersonp6,Devora,Balderson,Female,9/22/1988,dbaldersonp6@w3.org,253.101.223.141,75,Ivory Coast,,green
mgosforthp7,Marcus,Gosforth,Male,2/27/1978,mgosforthp7@nih.gov,200.87.27.210,58,Philippines,8714,blue
mdashkovp8,Matthaeus,Dashkov,Male,7/8/1976,mdashkovp8@bloomberg.com,114.121.129.55,42,Philippines,1114,red
cdeexp9,Cesaro,Deex,Male,4/11/1983,cdeexp9@netvibes.com,155.84.160.101,42,Philippines,3605,red
tfliegepa,Trudy,Fliege,Female,5/15/1981,tfliegepa@artisteer.com,41.87.62.65,75,China,,blue
bpiercepb,Brunhilde,Pierce,Female,2/22/1987,bpiercepb@youtu.be,245.100.188.29,82,France,95046 CEDEX 1,red
iouslempc,Izak,Ouslem,Male,4/27/2002,iouslempc@google.es,128.54.150.222,32,Turkey,34829,green
mpaulssonpd,Murdock,Paulsson,Male,7/3/1980,mpaulssonpd@slideshare.net,86.142.65.242,21,Russia,606072,green
pgillbardpe,Pyotr,Gillbard,Male,4/13/1990,pgillbardpe@yahoo.com,222.179.234.87,79,Greece,,green
rlaycockpf,Randi,Laycock,Male,4/7/1999,rlaycockpf@netvibes.com,209.114.6.247,21,Japan,999-7638,blue
zmclicepg,Zacharie,McLice,Male,10/19/1982,zmclicepg@issuu.com,203.155.246.178,48,Syria,,blue
fproudph,Fredra,Proud,Female,3/6/2002,fproudph@archive.org,73.0.67.163,82,Indonesia,,red
spaynterpi,Savina,Paynter,Female,3/17/1990,spaynterpi@shinystat.com,233.173.139.118,48,Chad,,green
lfilyushkinpj,Lennie,Filyushkin,Male,6/24/1971,lfilyushkinpj@mozilla.org,118.183.75.134,73,Myanmar,,blue
rnoltonpk,Rhonda,Nolton,Female,3/10/1984,rnoltonpk@patch.com,37.197.114.30,26,Philippines,8703,green
fiannettipl,Forrest,Iannetti,Male,12/27/1980,fiannettipl@usda.gov,109.10.129.9,73,Indonesia,,green
lknibbpm,Lanni,Knibb,Female,4/11/1975,lknibbpm@jalbum.net,2.140.255.245,46,Croatia,31500,red
rwooffittpn,Rani,Wooffitt,Female,2/9/1983,rwooffittpn@foxnews.com,127.80.222.57,66,China,,red
ctottiepo,Carma,Tottie,Female,7/29/2000,ctottiepo@un.org,110.24.156.206,46,China,,green
kmcgilmartinpp,Ky,McGilmartin,Male,11/9/1996,kmcgilmartinpp@storify.com,161.71.79.122,33,Poland,74-520,green
jdibbertpq,Jonie,Dibbert,Female,12/30/1982,jdibbertpq@google.es,48.143.82.194,22,China,,blue
jtythertonpr,Jacquelin,Tytherton,Female,3/19/1994,jtythertonpr@npr.org,20.118.155.103,80,China,,green
alindmarkps,Arty,Lindmark,Male,2/22/2002,alindmarkps@accuweather.com,177.129.19.46,22,Poland,34-211,green
ccroserpt,Cecilia,Croser,Female,11/21/1973,ccroserpt@ucoz.com,142.230.40.81,60,China,,blue
ocrowtherpu,Odella,Crowther,Female,5/30/1977,ocrowtherpu@shop-pro.jp,167.35.238.34,75,Czech Republic,739 91,blue
cbalkwillpv,Colly,Balkwill,Female,5/5/1997,cbalkwillpv@dailymotion.com,243.9.92.233,52,Indonesia,,red
ahurringpw,Ambur,Hurring,Female,11/18/1999,ahurringpw@sitemeter.com,53.195.144.109,43,Portugal,3200-399,green
glamperdpx,Guido,Lamperd,Male,6/17/1975,glamperdpx@smugmug.com,170.27.82.252,21,Dominican Republic,11102,blue
dkabschpy,Daron,Kabsch,Male,7/14/1982,dkabschpy@google.co.uk,202.218.157.236,71,Brazil,88000-000,red
ajanuszpz,Alejoa,Janusz,Male,5/4/2000,ajanuszpz@dailymotion.com,129.225.186.76,44,Russia,353480,blue
ggourlayq0,Gabie,Gourlay,Male,2/3/1984,ggourlayq0@va.gov,156.109.238.253,83,Peru,,red
hreadheadq1,Hilario,Readhead,Male,8/12/1975,hreadheadq1@sina.com.cn,106.154.193.75,30,Canada,R3J,red
sschneidarq2,Stefanie,Schneidar,Female,6/11/1993,sschneidarq2@howstuffworks.com,182.3.246.201,57,Argentina,4317,green
wmurrockq3,Wolfy,Murrock,Male,5/31/1990,wmurrockq3@e-recht24.de,255.156.104.143,71,Kenya,,red
tmagwoodq4,Tuesday,Magwood,Female,1/17/1983,tmagwoodq4@sciencedaily.com,238.127.188.216,21,France,35076 CEDEX 9,blue
msimeonq5,Marla,Simeon,Female,3/8/1993,msimeonq5@storify.com,75.122.251.144,52,Philippines,7303,green
rtreweekq6,Roderic,Treweek,Male,12/31/1995,rtreweekq6@bigcartel.com,34.111.76.63,45,Japan,414-0055,red
mstaresmeareq7,Meta,Staresmeare,Female,11/28/2000,mstaresmeareq7@twitpic.com,62.217.148.199,74,China,,blue
maugustineq8,Mela,Augustine,Female,6/8/1998,maugustineq8@wisc.edu,155.244.233.76,31,Poland,37-754,green
lfereq9,Lavinie,Fere,Female,2/25/1974,lfereq9@addthis.com,210.107.207.170,33,Colombia,681027,green
jruffyqa,Jareb,Ruffy,Male,6/25/1992,jruffyqa@barnesandnoble.com,70.108.151.204,19,Palestinian Territory,,red
sgoodlettqb,Sydney,Goodlett,Male,3/17/2000,sgoodlettqb@taobao.com,215.137.19.23,46,France,37205 CEDEX 3,red
cshatliffqc,Chris,Shatliff,Male,2/14/2000,cshatliffqc@hubpages.com,100.191.253.130,28,China,,green
tjancikqd,Thacher,Jancik,Male,3/3/1974,tjancikqd@cbslocal.com,192.67.240.209,39,France,79004 CEDEX,green
thowiesonqe,Trixi,Howieson,Female,4/4/1974,thowiesonqe@feedburner.com,172.53.29.180,26,Jordan,,blue
ztrembathqf,Zachary,Trembath,Male,11/19/1982,ztrembathqf@mapy.cz,50.189.47.251,53,Uganda,,green
pbaldiqg,Paul,Baldi,Male,2/7/2000,pbaldiqg@si.edu,190.88.115.29,52,China,,green
lhewqh,Leann,Hew,Female,11/21/1980,lhewqh@cargocollective.com,96.243.199.167,53,Sweden,725 96,green
scominsqi,Sofie,Comins,Female,7/28/1982,scominsqi@yellowpages.com,187.167.89.131,74,Indonesia,,red
fbattsonqj,Fraser,Battson,Male,7/25/1990,fbattsonqj@istockphoto.com,119.202.59.39,19,Philippines,7405,green
lgommesqk,Lockwood,Gommes,Male,4/26/1977,lgommesqk@sakura.ne.jp,96.114.114.120,79,China,,red
dcopeql,Dwight,Cope,Male,12/30/1996,dcopeql@artisteer.com,139.47.66.12,77,Portugal,4805-505,green
sfarnyqm,Susannah,Farny,Female,11/20/1993,sfarnyqm@netscape.com,43.5.40.141,69,Indonesia,,red
plettereseqn,Pavel,Letterese,Male,12/10/1983,plettereseqn@godaddy.com,223.222.10.200,53,Philippines,9016,red
sgallandqo,Sandy,Galland,Female,5/8/1975,sgallandqo@elpais.com,52.65.185.87,62,China,,blue
hlamacraftqp,Harmony,Lamacraft,Female,12/7/1971,hlamacraftqp@hud.gov,142.165.131.67,67,Brazil,44700-000,green
vnewloveqq,Vilhelmina,Newlove,Female,4/21/2002,vnewloveqq@xinhuanet.com,139.23.162.78,69,China,,blue
ggladdorqr,Germain,Gladdor,Female,9/15/2002,ggladdorqr@cyberchimps.com,168.204.227.216,83,Philippines,9504,red
rphilcoxqs,Ramsay,Philcox,Male,12/9/1996,rphilcoxqs@edublogs.org,147.84.228.118,18,Brazil,44570-000,blue
mcalbaitheqt,Marthe,Calbaithe,Female,2/6/1970,mcalbaitheqt@altervista.org,175.32.124.61,20,Philippines,5001,red
djansqu,Dante,Jans,Male,5/29/1988,djansqu@ted.com,191.156.223.129,85,Madagascar,,blue
spaslowqv,Stinky,Paslow,Male,6/7/1987,spaslowqv@huffingtonpost.com,110.8.50.99,63,Russia,624127,green
fbaystonqw,Frederich,Bayston,Male,4/16/1975,fbaystonqw@un.org,120.202.229.202,57,United States,30096,red
gmcphelimqx,Gilberte,McPhelim,Female,5/29/1970,gmcphelimqx@angelfire.com,51.128.153.142,38,Brazil,83370-000,blue
dcharkhamqy,Den,Charkham,Male,9/25/2001,dcharkhamqy@globo.com,54.160.104.201,74,Brazil,78325-000,green
cdonaldqz,Constancia,Donald,Female,1/1/1972,cdonaldqz@bbb.org,151.62.210.130,21,Kosovo,,red
vmeenyr0,Vaclav,Meeny,Male,1/23/1981,vmeenyr0@nih.gov,146.227.19.163,82,Bosnia and Herzegovina,,blue
bkitteringhamr1,Brocky,Kitteringham,Male,11/27/1972,bkitteringhamr1@bluehost.com,64.180.104.201,22,China,,green
mmacgormanr2,Mechelle,MacGorman,Female,10/10/1992,mmacgormanr2@posterous.com,166.133.209.28,53,Poland,38-421,blue
ldroughtr3,Lem,Drought,Male,9/18/1975,ldroughtr3@time.com,242.208.92.169,72,Thailand,93170,red
pmcquorkelr4,Patrice,McQuorkel,Female,2/18/1978,pmcquorkelr4@nih.gov,213.204.198.171,55,China,,green
smullalyr5,Stefania,Mullaly,Female,2/19/1974,smullalyr5@pinterest.com,91.74.39.98,72,Ukraine,,blue
sdundinr6,Sisely,Dundin,Female,10/31/1999,sdundinr6@google.es,23.125.48.18,64,China,,green
kmatzr7,Kalie,Matz,Female,10/4/1984,kmatzr7@house.gov,91.11.191.198,63,China,,blue
fsollisr8,Filbert,Sollis,Male,3/31/1984,fsollisr8@yale.edu,167.244.67.131,29,China,,red
apeterffyr9,Angy,Peterffy,Female,9/30/1974,apeterffyr9@blog.com,102.156.26.74,51,Ukraine,,red
bgiddingsra,Benny,Giddings,Female,4/5/1971,bgiddingsra@merriam-webster.com,25.46.203.31,46,China,,red
lthoraldrb,Laurella,Thorald,Female,6/23/1987,lthoraldrb@edublogs.org,10.217.18.229,52,China,,red
rminsterrc,Reidar,Minster,Male,12/2/1995,rminsterrc@discovery.com,65.193.226.105,25,China,,blue
zroukerd,Zandra,Rouke,Female,6/19/1989,zroukerd@theguardian.com,161.58.72.212,84,Vietnam,,green
oyakovichre,Ottilie,Yakovich,Female,6/9/1986,oyakovichre@yellowbook.com,144.208.237.159,46,China,,red
tdematteirf,Thibaud,De Mattei,Male,5/22/1981,tdematteirf@imgur.com,48.110.161.75,47,China,,blue
tbellfieldrg,Tobye,Bellfield,Female,7/30/1993,tbellfieldrg@lulu.com,6.38.188.10,64,Brazil,86900-000,green
wchapellrh,Waldo,Chapell,Male,6/6/1991,wchapellrh@google.it,212.232.192.155,48,Spain,46005,red
rgrzeszczakri,Richardo,Grzeszczak,Male,6/21/1979,rgrzeszczakri@google.com,184.28.129.228,81,Peru,,blue
jskeggrj,Jaclyn,Skegg,Female,10/25/1986,jskeggrj@springer.com,43.98.243.183,35,Ukraine,,red
wcrenagerk,Wyndham,Crenage,Male,12/28/1999,wcrenagerk@prlog.org,28.190.249.126,68,Russia,143969,red
escholerrl,Ephrayim,Scholer,Male,12/18/1991,escholerrl@fema.gov,130.94.252.28,30,Sweden,291 41,green
gmoughtinrm,Gunter,Moughtin,Male,10/7/2001,gmoughtinrm@jalbum.net,114.51.58.152,21,Portugal,5030-049,red
blockneyrn,Blair,Lockney,Female,3/30/1983,blockneyrn@i2i.jp,44.117.230.160,67,Greece,,blue
neverissro,Nessa,Everiss,Female,2/2/1998,neverissro@moonfruit.com,218.18.21.150,77,Indonesia,,green
snewlingrp,Shellie,Newling,Female,11/16/1973,snewlingrp@gizmodo.com,133.131.169.26,35,China,,red
klevyrq,Kaye,Levy,Female,9/18/1992,klevyrq@etsy.com,48.113.31.143,46,Suriname,,green
sdeetchrr,Shelden,Deetch,Male,1/22/1987,sdeetchrr@dell.com,8.211.145.18,74,Poland,18-200,blue
